timestamp,container_id,cpu_percent,mem_usage,mem_limit,net_in,net_out,block_in,block_out,pids,source_file,file_timestamp,ram_used,ram_total,swap_used,swap_total,avg_cpu,cpu_temp,cycles,instructions
2025-03-10 17:47:12,86f8ce2b7f35,40.36,22.16MiB,512MiB,1.95kB,0B,39.7MB,0B,10,docker_stats_20250310_174712.log,174712,1987,3964,53,1982,18.5,27.5,,
2025-03-10 17:47:14,86f8ce2b7f35,40.65,28.88MiB,512MiB,2.36kB,0B,52.4MB,0B,10,docker_stats_20250310_174712.log,174712,1987,3964,53,1982,18.5,27.5,,
2025-03-10 17:47:17,86f8ce2b7f35,39.6,35.09MiB,512MiB,2.36kB,0B,64.6MB,0B,10,docker_stats_20250310_174712.log,174712,1994,3964,53,1982,21.0,27.5,,
2025-03-10 17:47:19,86f8ce2b7f35,8.7,37.61MiB,512MiB,3.1kB,941B,70.6MB,0B,10,docker_stats_20250310_174712.log,174712,1990,3964,53,1982,19.5,27.5,,
2025-03-10 17:47:22,86f8ce2b7f35,39.65,43.32MiB,512MiB,4.08MB,24.6kB,70.7MB,0B,16,docker_stats_20250310_174712.log,174712,1991,3964,53,1982,11.25,27.5,,
2025-03-10 17:47:25,86f8ce2b7f35,39.78,57.1MiB,512MiB,4.61MB,32.6kB,78.3MB,0B,26,docker_stats_20250310_174712.log,174712,1990,3964,53,1982,15.5,27.0,,
2025-03-10 17:47:27,86f8ce2b7f35,40.08,57.76MiB,512MiB,5.67MB,54.4kB,78.3MB,0B,26,docker_stats_20250310_174712.log,174712,2004,3964,53,1982,25.25,27.5,,
2025-03-10 17:47:30,86f8ce2b7f35,40.2,61.79MiB,512MiB,7.25MB,61.4kB,78.3MB,0B,26,docker_stats_20250310_174712.log,174712,1996,3964,53,1982,21.5,27.5,,
2025-03-10 17:47:32,86f8ce2b7f35,40.79,61.92MiB,512MiB,7.77MB,62.8kB,78.3MB,0B,26,docker_stats_20250310_174712.log,174712,2015,3964,53,1982,21.75,27.5,,
2025-03-10 17:47:35,86f8ce2b7f35,40.37,62.18MiB,512MiB,7.77MB,62.8kB,78.3MB,0B,26,docker_stats_20250310_174712.log,174712,2013,3964,53,1982,20.75,27.5,,
2025-03-10 17:47:38,86f8ce2b7f35,40.66,66.09MiB,512MiB,7.77MB,62.8kB,78.3MB,0B,26,docker_stats_20250310_174712.log,174712,2008,3964,53,1982,25.0,28.0,,
2025-03-10 17:47:40,86f8ce2b7f35,40.81,66.31MiB,512MiB,7.77MB,62.8kB,78.3MB,0B,26,docker_stats_20250310_174712.log,174712,2019,3964,53,1982,26.5,28.0,,
2025-03-10 17:47:43,86f8ce2b7f35,40.55,66.25MiB,512MiB,7.77MB,62.8kB,78.3MB,0B,26,docker_stats_20250310_174712.log,174712,2009,3964,53,1982,30.0,27.5,,
2025-03-10 17:47:45,86f8ce2b7f35,0.0,0B,0B,0B,0B,0B,0B,0,docker_stats_20250310_174712.log,174712,2019,3964,53,1982,33.75,28.0,,
2025-03-10 17:47:47,86f8ce2b7f35,0.0,0B,0B,0B,0B,0B,0B,0,docker_stats_20250310_174712.log,174712,1942,3964,53,1982,16.75,28.0,,
2025-03-10 17:47:48,86f8ce2b7f35,0.0,0B,0B,0B,0B,0B,0B,0,docker_stats_20250310_174712.log,174712,1954,3964,53,1982,9.75,27.5,,
2025-03-10 17:47:50,86f8ce2b7f35,0.0,0B,0B,0B,0B,0B,0B,0,docker_stats_20250310_174712.log,174712,1943,3964,53,1982,9.25,27.5,,
2025-03-10 17:47:52,86f8ce2b7f35,0.0,0B,0B,0B,0B,0B,0B,0,docker_stats_20250310_174712.log,174712,1942,3964,53,1982,10.5,27.5,,
2025-03-10 17:47:53,86f8ce2b7f35,0.0,0B,0B,0B,0B,0B,0B,0,docker_stats_20250310_174712.log,174712,1957,3964,53,1982,10.0,27.5,,
2025-03-10 17:47:55,86f8ce2b7f35,0.0,0B,0B,0B,0B,0B,0B,0,docker_stats_20250310_174712.log,174712,1943,3964,53,1982,8.75,27.5,,
2025-03-10 17:47:56,86f8ce2b7f35,0.0,0B,0B,0B,0B,0B,0B,0,docker_stats_20250310_174712.log,174712,1959,3964,53,1982,11.75,28.0,,
2025-03-10 17:47:58,86f8ce2b7f35,0.0,0B,0B,0B,0B,0B,0B,0,docker_stats_20250310_174712.log,174712,1944,3964,53,1982,10.5,27.0,,
2025-03-10 17:48:00,86f8ce2b7f35,0.0,0B,0B,0B,0B,0B,0B,0,docker_stats_20250310_174712.log,174712,1943,3964,53,1982,8.75,27.5,,
2025-03-10 17:48:01,86f8ce2b7f35,0.0,0B,0B,0B,0B,0B,0B,0,docker_stats_20250310_174712.log,174712,1943,3964,53,1982,11.5,28.0,,
2025-03-10 17:48:03,86f8ce2b7f35,0.0,0B,0B,0B,0B,0B,0B,0,docker_stats_20250310_174712.log,174712,1945,3964,53,1982,8.5,27.5,,
2025-03-10 17:48:04,86f8ce2b7f35,0.0,0B,0B,0B,0B,0B,0B,0,docker_stats_20250310_174712.log,174712,1944,3964,53,1982,9.0,27.5,,
2025-03-10 17:48:06,86f8ce2b7f35,0.0,0B,0B,0B,0B,0B,0B,0,docker_stats_20250310_174712.log,174712,1943,3964,53,1982,10.0,27.0,,
2025-03-10 17:48:08,86f8ce2b7f35,0.0,0B,0B,0B,0B,0B,0B,0,docker_stats_20250310_174712.log,174712,1945,3964,53,1982,10.25,27.0,,
2025-03-10 17:48:09,86f8ce2b7f35,0.0,0B,0B,0B,0B,0B,0B,0,docker_stats_20250310_174712.log,174712,1944,3964,53,1982,10.75,27.5,,
2025-03-10 17:48:11,86f8ce2b7f35,0.0,0B,0B,0B,0B,0B,0B,0,docker_stats_20250310_174712.log,174712,1955,3964,53,1982,8.75,27.0,,
2025-03-10 17:48:12,86f8ce2b7f35,0.0,0B,0B,0B,0B,0B,0B,0,docker_stats_20250310_174712.log,174712,1943,3964,53,1982,9.0,27.0,,
2025-03-10 17:48:14,86f8ce2b7f35,0.0,0B,0B,0B,0B,0B,0B,0,docker_stats_20250310_174712.log,174712,1947,3964,53,1982,10.25,27.5,,
2025-03-10 17:48:16,86f8ce2b7f35,0.0,0B,0B,0B,0B,0B,0B,0,docker_stats_20250310_174712.log,174712,1936,3964,53,1982,8.75,27.5,,
2025-03-10 17:48:17,86f8ce2b7f35,0.0,0B,0B,0B,0B,0B,0B,0,docker_stats_20250310_174712.log,174712,1946,3964,53,1982,9.5,27.5,,
2025-03-10 17:48:19,86f8ce2b7f35,0.0,0B,0B,0B,0B,0B,0B,0,docker_stats_20250310_174712.log,174712,1937,3964,53,1982,10.75,27.5,,
2025-03-10 17:48:20,86f8ce2b7f35,0.0,0B,0B,0B,0B,0B,0B,0,docker_stats_20250310_174712.log,174712,1946,3964,53,1982,11.0,27.0,,
2025-03-10 17:48:22,86f8ce2b7f35,0.0,0B,0B,0B,0B,0B,0B,0,docker_stats_20250310_174712.log,174712,1936,3964,53,1982,8.5,27.0,,
2025-03-10 17:48:24,86f8ce2b7f35,0.0,0B,0B,0B,0B,0B,0B,0,docker_stats_20250310_174712.log,174712,1937,3964,53,1982,8.75,27.5,,
2025-03-10 17:48:25,86f8ce2b7f35,0.0,0B,0B,0B,0B,0B,0B,0,docker_stats_20250310_174712.log,174712,1946,3964,53,1982,8.75,27.5,,
2025-03-10 17:48:27,86f8ce2b7f35,0.0,0B,0B,0B,0B,0B,0B,0,docker_stats_20250310_174712.log,174712,1936,3964,53,1982,10.0,27.0,,
2025-03-10 17:48:28,86f8ce2b7f35,0.0,0B,0B,0B,0B,0B,0B,0,docker_stats_20250310_174712.log,174712,1947,3964,53,1982,15.0,27.5,,
2025-03-10 17:48:30,86f8ce2b7f35,0.0,0B,0B,0B,0B,0B,0B,0,docker_stats_20250310_174712.log,174712,1936,3964,53,1982,9.25,27.0,,
2025-03-10 17:48:31,86f8ce2b7f35,0.0,0B,0B,0B,0B,0B,0B,0,docker_stats_20250310_174712.log,174712,1948,3964,53,1982,7.5,27.5,,
2025-03-10 17:48:33,86f8ce2b7f35,0.0,0B,0B,0B,0B,0B,0B,0,docker_stats_20250310_174712.log,174712,1937,3964,53,1982,10.5,27.0,,
2025-03-10 17:48:35,86f8ce2b7f35,0.0,0B,0B,0B,0B,0B,0B,0,docker_stats_20250310_174712.log,174712,1935,3964,53,1982,7.5,27.5,,
2025-03-10 17:48:36,86f8ce2b7f35,0.0,0B,0B,0B,0B,0B,0B,0,docker_stats_20250310_174712.log,174712,1934,3964,53,1982,7.75,27.5,,
2025-03-10 17:48:38,86f8ce2b7f35,0.0,0B,0B,0B,0B,0B,0B,0,docker_stats_20250310_174712.log,174712,1937,3964,53,1982,13.75,27.5,,
2025-03-10 17:48:39,86f8ce2b7f35,0.0,0B,0B,0B,0B,0B,0B,0,docker_stats_20250310_174712.log,174712,1949,3964,53,1982,10.25,27.5,,
2025-03-10 17:48:41,86f8ce2b7f35,0.0,0B,0B,0B,0B,0B,0B,0,docker_stats_20250310_174712.log,174712,1935,3964,53,1982,8.5,28.0,,
2025-03-10 17:48:43,86f8ce2b7f35,0.0,0B,0B,0B,0B,0B,0B,0,docker_stats_20250310_174712.log,174712,1936,3964,53,1982,8.25,27.0,,
2025-03-10 17:48:44,86f8ce2b7f35,0.0,0B,0B,0B,0B,0B,0B,0,docker_stats_20250310_174712.log,174712,1936,3964,53,1982,8.25,27.0,,
2025-03-10 17:48:46,86f8ce2b7f35,0.0,0B,0B,0B,0B,0B,0B,0,docker_stats_20250310_174712.log,174712,1946,3964,53,1982,7.75,27.0,,
2025-03-10 17:48:47,86f8ce2b7f35,0.0,0B,0B,0B,0B,0B,0B,0,docker_stats_20250310_174712.log,174712,1935,3964,53,1982,8.5,27.5,,
2025-03-10 17:51:39,00c51c076cec,39.09,22.5MiB,512MiB,1.95kB,0B,41.8MB,0B,10,docker_stats_20250310_175139.log,175139,1991,3964,53,1982,18.75,28.0,378903304.0,225549953.0
2025-03-10 17:51:41,00c51c076cec,41.76,29.2MiB,512MiB,2.36kB,0B,52.4MB,0B,10,docker_stats_20250310_175139.log,175139,1991,3964,53,1982,18.75,28.0,378903304.0,225549953.0
2025-03-10 17:51:44,00c51c076cec,40.44,34.27MiB,512MiB,2.36kB,0B,64.6MB,0B,10,docker_stats_20250310_175139.log,175139,2002,3964,53,1982,16.0,28.0,278273920.0,163154277.0
2025-03-10 17:51:46,00c51c076cec,19.75,36.89MiB,512MiB,2.36kB,0B,70.6MB,0B,10,docker_stats_20250310_175139.log,175139,2004,3964,53,1982,18.75,28.5,372563347.0,225895967.0
2025-03-10 17:51:49,00c51c076cec,37.66,41.38MiB,512MiB,4.08MB,21.6kB,70.7MB,0B,16,docker_stats_20250310_175139.log,175139,2005,3964,53,1982,10.25,28.0,62597796.0,36589474.0
2025-03-10 17:51:52,00c51c076cec,40.25,50.59MiB,512MiB,4.61MB,23.2kB,72.9MB,0B,16,docker_stats_20250310_175139.log,175139,1994,3964,53,1982,17.5,28.5,361371210.0,197764784.0
2025-03-10 17:51:54,00c51c076cec,40.37,57.45MiB,512MiB,5.4MB,44.2kB,78.4MB,0B,26,docker_stats_20250310_175139.log,175139,2015,3964,53,1982,17.25,28.0,421887527.0,226707713.0
2025-03-10 17:51:57,00c51c076cec,40.58,57.43MiB,512MiB,5.93MB,46.6kB,78.4MB,0B,26,docker_stats_20250310_175139.log,175139,2002,3964,53,1982,20.5,27.5,368870474.0,182045537.0
2025-03-10 17:51:59,00c51c076cec,40.8,61.47MiB,512MiB,5.93MB,46.6kB,78.4MB,0B,26,docker_stats_20250310_175139.log,175139,2013,3964,53,1982,21.25,27.5,414663019.0,212506777.0
2025-03-10 17:52:02,00c51c076cec,41.12,61.71MiB,512MiB,5.93MB,46.6kB,78.4MB,0B,26,docker_stats_20250310_175139.log,175139,2018,3964,53,1982,22.75,28.0,398989549.0,226290347.0
2025-03-10 17:52:05,00c51c076cec,39.73,65.98MiB,512MiB,5.93MB,46.6kB,78.4MB,0B,26,docker_stats_20250310_175139.log,175139,2011,3964,53,1982,33.75,29.0,488632966.0,258264763.0
2025-03-10 17:52:07,00c51c076cec,40.67,66.15MiB,512MiB,5.93MB,46.6kB,78.4MB,0B,26,docker_stats_20250310_175139.log,175139,2022,3964,53,1982,29.25,28.0,489859784.0,291245431.0
2025-03-10 17:52:10,00c51c076cec,0.0,0B,0B,0B,0B,0B,0B,0,docker_stats_20250310_175139.log,175139,2013,3964,53,1982,25.75,28.5,418218358.0,293798640.0
2025-03-10 17:52:11,00c51c076cec,0.0,0B,0B,0B,0B,0B,0B,0,docker_stats_20250310_175139.log,175139,1957,3964,53,1982,30.75,28.0,347279765.0,202517914.0
2025-03-10 17:52:13,00c51c076cec,0.0,0B,0B,0B,0B,0B,0B,0,docker_stats_20250310_175139.log,175139,1946,3964,53,1982,9.25,28.5,,
2025-03-10 17:52:15,00c51c076cec,0.0,0B,0B,0B,0B,0B,0B,0,docker_stats_20250310_175139.log,175139,1948,3964,53,1982,15.5,28.0,,
2025-03-10 17:52:16,00c51c076cec,0.0,0B,0B,0B,0B,0B,0B,0,docker_stats_20250310_175139.log,175139,1959,3964,53,1982,10.5,28.0,,
2025-03-10 17:52:18,00c51c076cec,0.0,0B,0B,0B,0B,0B,0B,0,docker_stats_20250310_175139.log,175139,1947,3964,53,1982,10.5,28.5,,
2025-03-10 17:52:19,00c51c076cec,0.0,0B,0B,0B,0B,0B,0B,0,docker_stats_20250310_175139.log,175139,1956,3964,53,1982,7.25,28.5,,
2025-03-10 17:52:21,00c51c076cec,0.0,0B,0B,0B,0B,0B,0B,0,docker_stats_20250310_175139.log,175139,1948,3964,53,1982,8.5,28.0,,
2025-03-10 17:52:23,00c51c076cec,0.0,0B,0B,0B,0B,0B,0B,0,docker_stats_20250310_175139.log,175139,1947,3964,53,1982,9.0,28.0,,
2025-03-10 17:52:24,00c51c076cec,0.0,0B,0B,0B,0B,0B,0B,0,docker_stats_20250310_175139.log,175139,1947,3964,53,1982,9.5,28.0,,
2025-03-10 17:52:26,00c51c076cec,0.0,0B,0B,0B,0B,0B,0B,0,docker_stats_20250310_175139.log,175139,1948,3964,53,1982,8.0,28.0,,
2025-03-10 17:52:27,00c51c076cec,0.0,0B,0B,0B,0B,0B,0B,0,docker_stats_20250310_175139.log,175139,1959,3964,53,1982,8.25,28.5,,
2025-03-10 17:52:29,00c51c076cec,0.0,0B,0B,0B,0B,0B,0B,0,docker_stats_20250310_175139.log,175139,1947,3964,53,1982,10.5,28.5,,
2025-03-10 17:52:31,00c51c076cec,0.0,0B,0B,0B,0B,0B,0B,0,docker_stats_20250310_175139.log,175139,1948,3964,53,1982,8.75,28.5,,
2025-03-10 17:52:32,00c51c076cec,0.0,0B,0B,0B,0B,0B,0B,0,docker_stats_20250310_175139.log,175139,1947,3964,53,1982,9.5,28.5,,
2025-03-10 17:52:34,00c51c076cec,0.0,0B,0B,0B,0B,0B,0B,0,docker_stats_20250310_175139.log,175139,1947,3964,53,1982,7.0,28.0,,
2025-03-10 17:52:35,00c51c076cec,0.0,0B,0B,0B,0B,0B,0B,0,docker_stats_20250310_175139.log,175139,1950,3964,53,1982,16.0,28.0,,
2025-03-10 17:52:37,00c51c076cec,0.0,0B,0B,0B,0B,0B,0B,0,docker_stats_20250310_175139.log,175139,1948,3964,53,1982,9.0,28.0,,
2025-03-10 17:52:39,00c51c076cec,0.0,0B,0B,0B,0B,0B,0B,0,docker_stats_20250310_175139.log,175139,1948,3964,53,1982,8.75,28.0,,
2025-03-10 17:52:40,00c51c076cec,0.0,0B,0B,0B,0B,0B,0B,0,docker_stats_20250310_175139.log,175139,1942,3964,53,1982,10.25,27.5,,
2025-03-10 17:54:58,e09fd8a4305d,40.47,23.28MiB,512MiB,838B,0B,39.4MB,0B,10,docker_stats_20250310_175458.log,175458,1996,3964,53,1982,50.25,29.0,,
2025-03-10 17:55:01,e09fd8a4305d,42.82,30.77MiB,512MiB,2.16kB,0B,52.4MB,0B,10,docker_stats_20250310_175458.log,175458,1973,3964,53,1982,20.75,28.5,,
2025-03-10 17:55:03,e09fd8a4305d,43.79,34.46MiB,512MiB,2.36kB,0B,63.6MB,0B,10,docker_stats_20250310_175458.log,175458,1990,3964,53,1982,18.0,28.0,,
2025-03-10 17:55:06,e09fd8a4305d,33.98,38.99MiB,512MiB,2.36kB,0B,70.6MB,0B,10,docker_stats_20250310_175458.log,175458,1982,3964,53,1982,16.0,28.0,,
2025-03-10 17:55:09,e09fd8a4305d,33.77,55.17MiB,512MiB,4.07MB,19.9kB,70.7MB,0B,16,docker_stats_20250310_175458.log,175458,1990,3964,53,1982,15.5,28.0,,
2025-03-10 17:55:11,e09fd8a4305d,41.09,64.09MiB,512MiB,4.07MB,19.9kB,70.7MB,0B,16,docker_stats_20250310_175458.log,175458,2000,3964,53,1982,22.5,28.5,,
2025-03-10 17:55:14,e09fd8a4305d,40.04,73.38MiB,512MiB,5.4MB,35.4kB,78.3MB,0B,30,docker_stats_20250310_175458.log,175458,2013,3964,53,1982,19.25,28.5,,
2025-03-10 17:55:16,e09fd8a4305d,40.79,75.65MiB,512MiB,5.4MB,35.4kB,78.3MB,0B,30,docker_stats_20250310_175458.log,175458,2012,3964,53,1982,23.75,28.5,,
2025-03-10 17:55:19,e09fd8a4305d,40.56,75.98MiB,512MiB,5.4MB,35.4kB,78.3MB,0B,30,docker_stats_20250310_175458.log,175458,2015,3964,53,1982,24.25,28.0,,
2025-03-10 17:55:21,e09fd8a4305d,0.43,79.8MiB,512MiB,5.41MB,41.3kB,78.3MB,0B,30,docker_stats_20250310_175458.log,175458,2029,3964,53,1982,39.75,28.5,,
2025-03-10 17:55:24,e09fd8a4305d,0.43,79.8MiB,512MiB,5.41MB,41.3kB,78.3MB,0B,30,docker_stats_20250310_175458.log,175458,2020,3964,53,1982,9.25,28.0,,
2025-03-10 17:55:27,e09fd8a4305d,0.38,79.8MiB,512MiB,5.41MB,41.3kB,78.3MB,0B,30,docker_stats_20250310_175458.log,175458,2029,3964,53,1982,7.75,27.5,,
2025-03-10 17:55:29,e09fd8a4305d,0.3,79.8MiB,512MiB,5.41MB,41.3kB,78.3MB,0B,30,docker_stats_20250310_175458.log,175458,2030,3964,53,1982,11.5,28.0,,
2025-03-10 17:55:32,e09fd8a4305d,0.49,79.8MiB,512MiB,5.41MB,41.3kB,78.3MB,0B,30,docker_stats_20250310_175458.log,175458,2031,3964,53,1982,15.25,27.5,,
2025-03-10 17:55:35,e09fd8a4305d,0.42,79.8MiB,512MiB,5.41MB,41.3kB,78.3MB,0B,30,docker_stats_20250310_175458.log,175458,2020,3964,53,1982,10.75,28.0,,
2025-03-10 17:55:37,e09fd8a4305d,0.59,79.8MiB,512MiB,5.41MB,41.3kB,78.3MB,0B,30,docker_stats_20250310_175458.log,175458,2031,3964,53,1982,8.25,27.5,,
2025-03-10 17:55:40,e09fd8a4305d,0.41,79.8MiB,512MiB,5.41MB,41.3kB,78.3MB,0B,30,docker_stats_20250310_175458.log,175458,2020,3964,53,1982,10.0,28.0,,
2025-03-10 17:55:42,e09fd8a4305d,0.49,79.8MiB,512MiB,5.41MB,41.3kB,78.3MB,0B,30,docker_stats_20250310_175458.log,175458,2033,3964,53,1982,13.75,28.0,,
2025-03-10 17:55:45,e09fd8a4305d,0.46,79.8MiB,512MiB,5.41MB,41.3kB,78.3MB,0B,30,docker_stats_20250310_175458.log,175458,2032,3964,53,1982,7.75,28.0,,
2025-03-10 17:55:48,e09fd8a4305d,0.5,79.8MiB,512MiB,5.41MB,41.3kB,78.3MB,0B,30,docker_stats_20250310_175458.log,175458,2019,3964,53,1982,10.0,28.0,,
2025-03-10 17:55:50,e09fd8a4305d,0.36,79.8MiB,512MiB,5.41MB,41.3kB,78.3MB,0B,30,docker_stats_20250310_175458.log,175458,2032,3964,53,1982,9.75,28.0,,
2025-03-10 17:55:53,e09fd8a4305d,0.47,79.8MiB,512MiB,5.41MB,41.3kB,78.3MB,0B,30,docker_stats_20250310_175458.log,175458,2020,3964,53,1982,9.0,27.5,,
2025-03-10 17:55:56,e09fd8a4305d,0.62,79.8MiB,512MiB,5.41MB,41.3kB,78.3MB,0B,30,docker_stats_20250310_175458.log,175458,2020,3964,53,1982,7.75,28.0,,
2025-03-10 17:55:58,e09fd8a4305d,0.31,79.8MiB,512MiB,5.41MB,41.3kB,78.3MB,0B,21,docker_stats_20250310_175458.log,175458,2019,3964,53,1982,9.0,27.5,,
2025-03-10 17:58:42,5b14c48454f7,41.41,25.58MiB,512MiB,1.95kB,0B,39.4MB,0B,10,docker_stats_20250310_175842.log,175842,2001,3964,53,1982,16.5,27.5,490719056.0,273763849.0
2025-03-10 17:58:45,5b14c48454f7,40.51,32.14MiB,512MiB,2.16kB,0B,52.1MB,0B,10,docker_stats_20250310_175842.log,175842,1993,3964,53,1982,16.25,28.5,351252290.0,204112368.0
2025-03-10 17:58:48,5b14c48454f7,40.59,37.37MiB,512MiB,2.36kB,0B,63.7MB,0B,10,docker_stats_20250310_175842.log,175842,2010,3964,53,1982,23.5,27.5,352844358.0,218357130.0
2025-03-10 17:58:50,5b14c48454f7,18.64,40.55MiB,512MiB,2.36kB,0B,70.6MB,0B,10,docker_stats_20250310_175842.log,175842,2011,3964,53,1982,19.25,28.0,352119176.0,208701388.0
2025-03-10 17:58:53,5b14c48454f7,40.55,48.61MiB,512MiB,4.08MB,25.3kB,70.7MB,0B,16,docker_stats_20250310_175842.log,175842,2014,3964,53,1982,8.5,27.5,92467946.0,49656722.0
2025-03-10 17:58:55,5b14c48454f7,40.81,62.39MiB,512MiB,4.61MB,30.3kB,78.3MB,0B,26,docker_stats_20250310_175842.log,175842,2020,3964,53,1982,17.75,28.0,420351785.0,234030551.0
2025-03-10 17:58:58,5b14c48454f7,41.07,63.29MiB,512MiB,5.66MB,48.8kB,78.3MB,0B,26,docker_stats_20250310_175842.log,175842,2030,3964,53,1982,22.75,28.0,468426443.0,246080498.0
2025-03-10 17:59:01,5b14c48454f7,42.2,64.74MiB,512MiB,6.71MB,60.2kB,78.3MB,0B,26,docker_stats_20250310_175842.log,175842,2018,3964,53,1982,24.0,28.5,429582744.0,221190298.0
2025-03-10 17:59:03,5b14c48454f7,39.75,66.65MiB,512MiB,8.29MB,66.3kB,78.3MB,0B,26,docker_stats_20250310_175842.log,175842,2032,3964,53,1982,24.0,28.0,386196145.0,200113687.0
2025-03-10 17:59:06,5b14c48454f7,40.34,68.38MiB,512MiB,8.29MB,66.3kB,78.3MB,0B,26,docker_stats_20250310_175842.log,175842,2026,3964,53,1982,23.0,28.0,394615623.0,220148086.0
2025-03-10 17:59:08,5b14c48454f7,39.95,70.04MiB,512MiB,8.29MB,66.3kB,78.3MB,0B,26,docker_stats_20250310_175842.log,175842,2052,3964,53,1982,29.5,29.5,437846486.0,258496793.0
2025-03-10 17:59:11,5b14c48454f7,40.68,71.41MiB,512MiB,8.29MB,66.3kB,78.3MB,0B,26,docker_stats_20250310_175842.log,175842,2043,3964,53,1982,32.5,29.0,476487286.0,258307070.0
2025-03-10 17:59:13,5b14c48454f7,40.87,70.7MiB,512MiB,8.29MB,66.3kB,78.3MB,0B,26,docker_stats_20250310_175842.log,175842,2042,3964,53,1982,24.5,28.5,426949479.0,310197556.0
2025-03-10 17:59:16,5b14c48454f7,0.0,0B,0B,0B,0B,0B,0B,0,docker_stats_20250310_175842.log,175842,2044,3964,53,1982,34.25,28.5,506846818.0,266269459.0
2025-03-10 17:59:18,5b14c48454f7,0.0,0B,0B,0B,0B,0B,0B,0,docker_stats_20250310_175842.log,175842,1958,3964,53,1982,14.5,28.0,,
2025-03-10 17:59:19,5b14c48454f7,0.0,0B,0B,0B,0B,0B,0B,0,docker_stats_20250310_175842.log,175842,1970,3964,53,1982,16.0,28.0,,
2025-03-10 17:59:21,5b14c48454f7,0.0,0B,0B,0B,0B,0B,0B,0,docker_stats_20250310_175842.log,175842,1958,3964,53,1982,9.75,28.0,,
2025-03-10 17:59:22,5b14c48454f7,0.0,0B,0B,0B,0B,0B,0B,0,docker_stats_20250310_175842.log,175842,1970,3964,53,1982,8.75,28.0,,
2025-03-10 17:59:24,5b14c48454f7,0.0,0B,0B,0B,0B,0B,0B,0,docker_stats_20250310_175842.log,175842,1969,3964,53,1982,10.75,28.0,,
2025-03-10 17:59:26,5b14c48454f7,0.0,0B,0B,0B,0B,0B,0B,0,docker_stats_20250310_175842.log,175842,1959,3964,53,1982,9.5,27.5,,
2025-03-10 17:59:27,5b14c48454f7,0.0,0B,0B,0B,0B,0B,0B,0,docker_stats_20250310_175842.log,175842,1968,3964,53,1982,10.75,28.0,,
2025-03-10 17:59:29,5b14c48454f7,0.0,0B,0B,0B,0B,0B,0B,0,docker_stats_20250310_175842.log,175842,1959,3964,53,1982,17.25,28.0,,
2025-03-10 17:59:30,5b14c48454f7,0.0,0B,0B,0B,0B,0B,0B,0,docker_stats_20250310_175842.log,175842,1968,3964,53,1982,11.5,28.0,,
2025-03-10 17:59:32,5b14c48454f7,0.0,0B,0B,0B,0B,0B,0B,0,docker_stats_20250310_175842.log,175842,1958,3964,53,1982,10.25,28.0,,
2025-03-10 17:59:33,5b14c48454f7,0.0,0B,0B,0B,0B,0B,0B,0,docker_stats_20250310_175842.log,175842,1968,3964,53,1982,11.0,28.0,,
2025-03-10 17:59:35,5b14c48454f7,0.0,0B,0B,0B,0B,0B,0B,0,docker_stats_20250310_175842.log,175842,1959,3964,53,1982,10.0,28.0,,
2025-03-10 17:59:37,5b14c48454f7,0.0,0B,0B,0B,0B,0B,0B,0,docker_stats_20250310_175842.log,175842,1958,3964,53,1982,6.75,28.0,,
2025-03-10 17:59:38,5b14c48454f7,0.0,0B,0B,0B,0B,0B,0B,0,docker_stats_20250310_175842.log,175842,1970,3964,53,1982,9.0,28.0,,
2025-03-10 17:59:40,5b14c48454f7,0.0,0B,0B,0B,0B,0B,0B,0,docker_stats_20250310_175842.log,175842,1959,3964,53,1982,11.75,28.0,,
2025-03-10 17:59:41,5b14c48454f7,0.0,0B,0B,0B,0B,0B,0B,0,docker_stats_20250310_175842.log,175842,1968,3964,53,1982,8.5,28.0,,
2025-03-10 17:59:43,5b14c48454f7,0.0,0B,0B,0B,0B,0B,0B,0,docker_stats_20250310_175842.log,175842,1957,3964,53,1982,11.0,28.0,,
2025-03-10 17:59:45,5b14c48454f7,0.0,0B,0B,0B,0B,0B,0B,0,docker_stats_20250310_175842.log,175842,1950,3964,53,1982,8.75,28.0,,
2025-03-10 17:59:46,5b14c48454f7,0.0,0B,0B,0B,0B,0B,0B,0,docker_stats_20250310_175842.log,175842,1949,3964,53,1982,10.5,27.5,,
2025-03-10 18:01:42,e2901ccd4d8f,42.96,23.88MiB,512MiB,1.95kB,0B,39.4MB,0B,10,docker_stats_20250310_180141.log,180141,1982,3964,53,1982,42.0,28.5,476153526.0,259697140.0
2025-03-10 18:01:44,e2901ccd4d8f,40.58,29.96MiB,512MiB,2.16kB,0B,51.8MB,0B,10,docker_stats_20250310_180141.log,180141,1982,3964,53,1982,42.0,28.5,508795657.0,276583404.0
2025-03-10 18:01:47,e2901ccd4d8f,40.36,35.11MiB,512MiB,2.36kB,0B,63.6MB,0B,10,docker_stats_20250310_180141.log,180141,1997,3964,53,1982,16.0,28.5,340434607.0,194653991.0
2025-03-10 18:01:49,e2901ccd4d8f,30.99,38.75MiB,512MiB,2.36kB,0B,70.5MB,0B,10,docker_stats_20250310_180141.log,180141,1994,3964,53,1982,17.0,28.5,309666876.0,188506805.0
2025-03-10 18:01:52,e2901ccd4d8f,42.82,44.3MiB,512MiB,4.1MB,27.4kB,70.9MB,0B,16,docker_stats_20250310_180141.log,180141,1993,3964,53,1982,13.5,28.0,95398971.0,61496946.0
2025-03-10 18:01:55,e2901ccd4d8f,41.47,59.23MiB,512MiB,5.15MB,30.9kB,79.3MB,0B,28,docker_stats_20250310_180141.log,180141,1990,3964,53,1982,15.75,28.5,369956075.0,208769458.0
2025-03-10 18:01:57,e2901ccd4d8f,40.17,60.09MiB,512MiB,6.21MB,59.1kB,79.4MB,0B,24,docker_stats_20250310_180141.log,180141,2009,3964,53,1982,17.5,28.5,386339718.0,205955615.0
2025-03-10 18:02:00,e2901ccd4d8f,40.58,60.48MiB,512MiB,7.56MB,63.6kB,79.4MB,0B,24,docker_stats_20250310_180141.log,180141,2000,3964,53,1982,20.75,28.0,341657339.0,150231245.0
2025-03-10 18:02:02,e2901ccd4d8f,40.96,62.65MiB,512MiB,7.56MB,63.8kB,79.4MB,0B,24,docker_stats_20250310_180141.log,180141,2014,3964,53,1982,21.25,28.5,376650811.0,211720088.0
2025-03-10 18:02:05,e2901ccd4d8f,41.93,62.9MiB,512MiB,7.6MB,64.3kB,79.4MB,0B,24,docker_stats_20250310_180141.log,180141,2014,3964,53,1982,21.5,28.5,395982905.0,204005823.0
2025-03-10 18:02:07,e2901ccd4d8f,40.52,65.82MiB,512MiB,7.6MB,64.4kB,79.4MB,0B,24,docker_stats_20250310_180141.log,180141,2016,3964,53,1982,23.5,28.5,422575301.0,220106991.0
2025-03-10 18:02:10,e2901ccd4d8f,39.87,69.11MiB,512MiB,7.6MB,64.5kB,79.4MB,0B,24,docker_stats_20250310_180141.log,180141,2022,3964,53,1982,21.5,28.5,439300423.0,315233763.0
2025-03-10 18:02:13,e2901ccd4d8f,40.04,71.47MiB,512MiB,7.6MB,64.5kB,79.4MB,0B,24,docker_stats_20250310_180141.log,180141,2014,3964,53,1982,24.5,28.5,431209785.0,234248751.0
2025-03-10 18:02:15,e2901ccd4d8f,40.26,71.47MiB,512MiB,7.6MB,64.5kB,79.4MB,0B,24,docker_stats_20250310_180141.log,180141,2026,3964,53,1982,22.75,28.5,393320066.0,226468398.0
2025-03-10 18:02:18,e2901ccd4d8f,40.45,71.52MiB,512MiB,7.65MB,65.2kB,79.4MB,0B,24,docker_stats_20250310_180141.log,180141,2016,3964,53,1982,24.5,28.5,435522685.0,317546485.0
2025-03-10 18:02:20,e2901ccd4d8f,0.0,0B,0B,0B,0B,0B,0B,0,docker_stats_20250310_180141.log,180141,2026,3964,53,1982,35.75,28.5,542134781.0,296931424.0
2025-03-10 18:02:22,e2901ccd4d8f,0.0,0B,0B,0B,0B,0B,0B,0,docker_stats_20250310_180141.log,180141,1942,3964,53,1982,9.0,28.0,,
2025-03-10 18:02:24,e2901ccd4d8f,0.0,0B,0B,0B,0B,0B,0B,0,docker_stats_20250310_180141.log,180141,1962,3964,53,1982,13.5,29.5,,
2025-03-10 18:02:25,e2901ccd4d8f,0.0,0B,0B,0B,0B,0B,0B,0,docker_stats_20250310_180141.log,180141,1954,3964,53,1982,9.25,28.5,,
2025-03-10 18:02:27,e2901ccd4d8f,0.0,0B,0B,0B,0B,0B,0B,0,docker_stats_20250310_180141.log,180141,1942,3964,53,1982,9.0,28.5,,
2025-03-10 18:02:28,e2901ccd4d8f,0.0,0B,0B,0B,0B,0B,0B,0,docker_stats_20250310_180141.log,180141,1954,3964,53,1982,11.0,28.5,,
2025-03-10 18:02:30,e2901ccd4d8f,0.0,0B,0B,0B,0B,0B,0B,0,docker_stats_20250310_180141.log,180141,1943,3964,53,1982,9.75,28.0,,
2025-03-10 18:02:32,e2901ccd4d8f,0.0,0B,0B,0B,0B,0B,0B,0,docker_stats_20250310_180141.log,180141,1942,3964,53,1982,8.0,28.0,,
2025-03-10 18:02:33,e2901ccd4d8f,0.0,0B,0B,0B,0B,0B,0B,0,docker_stats_20250310_180141.log,180141,1944,3964,53,1982,10.75,28.5,,
2025-03-10 18:02:35,e2901ccd4d8f,0.0,0B,0B,0B,0B,0B,0B,0,docker_stats_20250310_180141.log,180141,1942,3964,53,1982,10.0,28.5,,
2025-03-10 18:02:36,e2901ccd4d8f,0.0,0B,0B,0B,0B,0B,0B,0,docker_stats_20250310_180141.log,180141,1954,3964,53,1982,10.25,28.5,,
2025-03-10 18:02:38,e2901ccd4d8f,0.0,0B,0B,0B,0B,0B,0B,0,docker_stats_20250310_180141.log,180141,1943,3964,53,1982,10.5,28.5,,
2025-03-10 18:02:39,e2901ccd4d8f,0.0,0B,0B,0B,0B,0B,0B,0,docker_stats_20250310_180141.log,180141,1956,3964,53,1982,11.25,28.5,,
2025-03-10 18:02:41,e2901ccd4d8f,0.0,0B,0B,0B,0B,0B,0B,0,docker_stats_20250310_180141.log,180141,1942,3964,53,1982,11.5,28.5,,
2025-03-10 18:02:43,e2901ccd4d8f,0.0,0B,0B,0B,0B,0B,0B,0,docker_stats_20250310_180141.log,180141,1936,3964,53,1982,10.0,28.0,,
2025-03-10 18:02:44,e2901ccd4d8f,0.0,0B,0B,0B,0B,0B,0B,0,docker_stats_20250310_180141.log,180141,1947,3964,53,1982,14.25,29.5,,
2025-03-10 18:02:46,e2901ccd4d8f,0.0,0B,0B,0B,0B,0B,0B,0,docker_stats_20250310_180141.log,180141,1935,3964,53,1982,9.25,28.0,,
2025-03-10 18:02:47,e2901ccd4d8f,0.0,0B,0B,0B,0B,0B,0B,0,docker_stats_20250310_180141.log,180141,1935,3964,53,1982,11.0,28.0,,
2025-03-10 18:04:50,bf42f3062bf9,40.4,23.16MiB,512MiB,1.17kB,0B,39.4MB,0B,10,docker_stats_20250310_180450.log,180450,1982,3964,53,1982,42.5,29.5,,
2025-03-10 18:04:52,bf42f3062bf9,40.15,31.04MiB,512MiB,2.16kB,0B,49.5MB,0B,10,docker_stats_20250310_180450.log,180450,1982,3964,53,1982,42.5,29.5,,
2025-03-10 18:04:55,bf42f3062bf9,39.85,36.49MiB,512MiB,2.36kB,0B,63.6MB,0B,10,docker_stats_20250310_180450.log,180450,1996,3964,53,1982,17.25,29.0,,
2025-03-10 18:04:58,bf42f3062bf9,39.61,40.85MiB,512MiB,2.36kB,0B,70.4MB,0B,10,docker_stats_20250310_180450.log,180450,1988,3964,53,1982,17.75,29.0,,
2025-03-10 18:05:00,bf42f3062bf9,28.02,45.11MiB,512MiB,4.07MB,21.5kB,70.7MB,0B,16,docker_stats_20250310_180450.log,180450,2000,3964,53,1982,15.75,28.5,,
2025-03-10 18:05:03,bf42f3062bf9,40.2,54.68MiB,512MiB,4.07MB,21.5kB,70.7MB,0B,16,docker_stats_20250310_180450.log,180450,1995,3964,53,1982,17.5,29.0,,
2025-03-10 18:05:05,bf42f3062bf9,40.97,61.36MiB,512MiB,5.93MB,41kB,78.3MB,0B,25,docker_stats_20250310_180450.log,180450,2013,3964,53,1982,15.5,28.5,,
2025-03-10 18:05:08,bf42f3062bf9,40.52,62.11MiB,512MiB,5.93MB,45.7kB,78.3MB,0B,25,docker_stats_20250310_180450.log,180450,2006,3964,53,1982,21.5,28.5,,
2025-03-10 18:05:11,bf42f3062bf9,40.68,62.52MiB,512MiB,5.93MB,45.7kB,78.3MB,0B,25,docker_stats_20250310_180450.log,180450,2008,3964,53,1982,22.5,29.0,,
2025-03-10 18:05:13,bf42f3062bf9,40.12,66.37MiB,512MiB,5.93MB,45.7kB,78.3MB,0B,25,docker_stats_20250310_180450.log,180450,2018,3964,53,1982,23.25,29.0,,
2025-03-10 18:05:16,bf42f3062bf9,40.61,69.16MiB,512MiB,5.93MB,45.7kB,78.3MB,0B,25,docker_stats_20250310_180450.log,180450,2014,3964,53,1982,20.5,29.0,,
2025-03-10 18:05:18,bf42f3062bf9,40.75,70.53MiB,512MiB,5.93MB,45.7kB,78.3MB,0B,25,docker_stats_20250310_180450.log,180450,2025,3964,53,1982,27.25,29.0,,
2025-03-10 18:05:21,bf42f3062bf9,0.0,0B,0B,0B,0B,0B,0B,0,docker_stats_20250310_180450.log,180450,2015,3964,53,1982,25.5,29.5,,
2025-03-10 18:05:22,bf42f3062bf9,0.0,0B,0B,0B,0B,0B,0B,0,docker_stats_20250310_180450.log,180450,1956,3964,53,1982,34.5,29.0,,
2025-03-10 18:05:24,bf42f3062bf9,0.0,0B,0B,0B,0B,0B,0B,0,docker_stats_20250310_180450.log,180450,1944,3964,53,1982,11.25,29.0,,
2025-03-10 18:05:26,bf42f3062bf9,0.0,0B,0B,0B,0B,0B,0B,0,docker_stats_20250310_180450.log,180450,1945,3964,53,1982,8.0,29.0,,
2025-03-10 18:05:27,bf42f3062bf9,0.0,0B,0B,0B,0B,0B,0B,0,docker_stats_20250310_180450.log,180450,1945,3964,53,1982,10.0,29.0,,
2025-03-10 18:05:29,bf42f3062bf9,0.0,0B,0B,0B,0B,0B,0B,0,docker_stats_20250310_180450.log,180450,1944,3964,53,1982,7.5,28.5,,
2025-03-10 18:05:30,bf42f3062bf9,0.0,0B,0B,0B,0B,0B,0B,0,docker_stats_20250310_180450.log,180450,1953,3964,53,1982,8.75,28.5,,
2025-03-10 18:05:32,bf42f3062bf9,0.0,0B,0B,0B,0B,0B,0B,0,docker_stats_20250310_180450.log,180450,1945,3964,53,1982,14.75,29.0,,
2025-03-10 18:05:34,bf42f3062bf9,0.0,0B,0B,0B,0B,0B,0B,0,docker_stats_20250310_180450.log,180450,1947,3964,53,1982,12.75,28.5,,
2025-03-10 18:05:35,bf42f3062bf9,0.0,0B,0B,0B,0B,0B,0B,0,docker_stats_20250310_180450.log,180450,1944,3964,53,1982,10.25,28.5,,
2025-03-10 18:05:37,bf42f3062bf9,0.0,0B,0B,0B,0B,0B,0B,0,docker_stats_20250310_180450.log,180450,1945,3964,53,1982,7.0,28.5,,
2025-03-10 18:05:38,bf42f3062bf9,0.0,0B,0B,0B,0B,0B,0B,0,docker_stats_20250310_180450.log,180450,1945,3964,53,1982,7.0,28.5,,
2025-03-10 18:05:40,bf42f3062bf9,0.0,0B,0B,0B,0B,0B,0B,0,docker_stats_20250310_180450.log,180450,1953,3964,53,1982,11.5,28.5,,
2025-03-10 18:05:42,bf42f3062bf9,0.0,0B,0B,0B,0B,0B,0B,0,docker_stats_20250310_180450.log,180450,1945,3964,53,1982,11.0,28.5,,
2025-03-10 18:05:43,bf42f3062bf9,0.0,0B,0B,0B,0B,0B,0B,0,docker_stats_20250310_180450.log,180450,1957,3964,53,1982,15.5,29.0,,
2025-03-10 18:05:45,bf42f3062bf9,0.0,0B,0B,0B,0B,0B,0B,0,docker_stats_20250310_180450.log,180450,1954,3964,53,1982,10.25,28.5,,
2025-03-10 18:05:46,bf42f3062bf9,0.0,0B,0B,0B,0B,0B,0B,0,docker_stats_20250310_180450.log,180450,1945,3964,53,1982,8.5,29.0,,
2025-03-10 18:05:48,bf42f3062bf9,0.0,0B,0B,0B,0B,0B,0B,0,docker_stats_20250310_180450.log,180450,1957,3964,53,1982,9.0,28.5,,
2025-03-10 18:05:50,bf42f3062bf9,0.0,0B,0B,0B,0B,0B,0B,0,docker_stats_20250310_180450.log,180450,1944,3964,53,1982,10.5,28.5,,
2025-03-10 18:05:51,bf42f3062bf9,0.0,0B,0B,0B,0B,0B,0B,0,docker_stats_20250310_180450.log,180450,1955,3964,53,1982,9.5,28.5,,
2025-03-10 18:07:33,b590f4fa6eff,40.61,21.55MiB,512MiB,1.95kB,0B,39.4MB,0B,10,docker_stats_20250310_180733.log,180733,1985,3964,53,1982,20.75,28.5,,
2025-03-10 18:07:36,b590f4fa6eff,40.85,29.07MiB,512MiB,2.16kB,0B,51.8MB,0B,10,docker_stats_20250310_180733.log,180733,1992,3964,53,1982,23.25,29.5,,
2025-03-10 18:07:38,b590f4fa6eff,40.91,32.37MiB,512MiB,2.36kB,0B,63.6MB,0B,10,docker_stats_20250310_180733.log,180733,1990,3964,53,1982,15.25,28.5,,
2025-03-10 18:07:41,b590f4fa6eff,40.68,36.58MiB,512MiB,2.36kB,0B,70.5MB,0B,10,docker_stats_20250310_180733.log,180733,1985,3964,53,1982,15.5,28.5,,
2025-03-10 18:07:44,b590f4fa6eff,9.38,38.1MiB,512MiB,1.92MB,12.6kB,70.7MB,0B,16,docker_stats_20250310_180733.log,180733,1989,3964,53,1982,12.25,28.5,,
2025-03-10 18:07:46,b590f4fa6eff,39.77,47.55MiB,512MiB,4.07MB,17.2kB,70.8MB,0B,16,docker_stats_20250310_180733.log,180733,1992,3964,53,1982,19.0,28.5,,
2025-03-10 18:07:49,b590f4fa6eff,41.2,57.15MiB,512MiB,4.6MB,28.5kB,78.6MB,0B,24,docker_stats_20250310_180733.log,180733,2003,3964,53,1982,17.5,29.0,,
2025-03-10 18:07:51,b590f4fa6eff,40.34,58.02MiB,512MiB,6.19MB,49.5kB,78.6MB,0B,24,docker_stats_20250310_180733.log,180733,2001,3964,53,1982,22.5,28.5,,
2025-03-10 18:07:54,b590f4fa6eff,40.85,60.49MiB,512MiB,7.61MB,55kB,78.6MB,0B,24,docker_stats_20250310_180733.log,180733,2005,3964,53,1982,22.5,29.0,,
2025-03-10 18:07:57,b590f4fa6eff,40.45,61.35MiB,512MiB,7.61MB,55.1kB,78.6MB,0B,24,docker_stats_20250310_180733.log,180733,2008,3964,53,1982,27.25,29.0,,
2025-03-10 18:07:59,b590f4fa6eff,40.12,66.21MiB,512MiB,7.61MB,55.2kB,78.6MB,0B,24,docker_stats_20250310_180733.log,180733,2009,3964,53,1982,26.25,29.0,,
2025-03-10 18:08:02,b590f4fa6eff,41.02,66.28MiB,512MiB,7.65MB,55.8kB,78.6MB,0B,24,docker_stats_20250310_180733.log,180733,2024,3964,53,1982,23.25,29.0,,
2025-03-10 18:08:04,b590f4fa6eff,40.22,68.67MiB,512MiB,7.65MB,55.9kB,78.6MB,0B,24,docker_stats_20250310_180733.log,180733,2028,3964,53,1982,27.5,29.5,,
2025-03-10 18:08:07,b590f4fa6eff,0.0,0B,0B,0B,0B,0B,0B,0,docker_stats_20250310_180733.log,180733,2028,3964,53,1982,29.5,29.0,,
2025-03-10 18:08:10,b590f4fa6eff,0.0,0B,0B,0B,0B,0B,0B,0,docker_stats_20250310_180733.log,180733,1947,3964,53,1982,10.25,28.5,,
2025-03-10 18:08:11,b590f4fa6eff,0.0,0B,0B,0B,0B,0B,0B,0,docker_stats_20250310_180733.log,180733,1953,3964,53,1982,10.5,28.5,,
2025-03-10 18:08:13,b590f4fa6eff,0.0,0B,0B,0B,0B,0B,0B,0,docker_stats_20250310_180733.log,180733,1955,3964,53,1982,10.0,29.0,,
2025-03-10 18:08:14,b590f4fa6eff,0.0,0B,0B,0B,0B,0B,0B,0,docker_stats_20250310_180733.log,180733,1947,3964,53,1982,10.25,28.5,,
2025-03-10 18:08:16,b590f4fa6eff,0.0,0B,0B,0B,0B,0B,0B,0,docker_stats_20250310_180733.log,180733,1957,3964,53,1982,9.0,29.0,,
2025-03-10 18:08:18,b590f4fa6eff,0.0,0B,0B,0B,0B,0B,0B,0,docker_stats_20250310_180733.log,180733,1946,3964,53,1982,14.25,28.5,,
2025-03-10 18:08:19,b590f4fa6eff,0.0,0B,0B,0B,0B,0B,0B,0,docker_stats_20250310_180733.log,180733,1959,3964,53,1982,10.75,29.0,,
2025-03-10 18:08:21,b590f4fa6eff,0.0,0B,0B,0B,0B,0B,0B,0,docker_stats_20250310_180733.log,180733,1946,3964,53,1982,8.75,28.5,,
2025-03-10 18:08:22,b590f4fa6eff,0.0,0B,0B,0B,0B,0B,0B,0,docker_stats_20250310_180733.log,180733,1955,3964,53,1982,9.75,28.5,,
2025-03-10 18:08:24,b590f4fa6eff,0.0,0B,0B,0B,0B,0B,0B,0,docker_stats_20250310_180733.log,180733,1959,3964,53,1982,9.5,28.5,,
2025-03-10 18:08:26,b590f4fa6eff,0.0,0B,0B,0B,0B,0B,0B,0,docker_stats_20250310_180733.log,180733,1946,3964,53,1982,9.25,28.5,,
2025-03-10 18:08:27,b590f4fa6eff,0.0,0B,0B,0B,0B,0B,0B,0,docker_stats_20250310_180733.log,180733,1956,3964,53,1982,9.75,28.5,,
2025-03-10 18:08:29,b590f4fa6eff,0.0,0B,0B,0B,0B,0B,0B,0,docker_stats_20250310_180733.log,180733,1947,3964,53,1982,11.5,28.5,,
2025-03-10 18:08:30,b590f4fa6eff,0.0,0B,0B,0B,0B,0B,0B,0,docker_stats_20250310_180733.log,180733,1957,3964,53,1982,10.25,28.5,,
2025-03-10 18:08:32,b590f4fa6eff,0.0,0B,0B,0B,0B,0B,0B,0,docker_stats_20250310_180733.log,180733,1946,3964,53,1982,9.0,28.5,,
2025-03-10 18:08:33,b590f4fa6eff,0.0,0B,0B,0B,0B,0B,0B,0,docker_stats_20250310_180733.log,180733,1960,3964,53,1982,10.75,28.5,,
2025-03-10 18:12:57,b44356d46825,40.32,22.95MiB,512MiB,1.95kB,0B,39.4MB,0B,10,docker_stats_20250310_181257.log,181257,1999,3964,53,1982,31.75,28.0,,
2025-03-10 18:13:00,b44356d46825,40.31,31.52MiB,512MiB,2.16kB,0B,51.8MB,0B,10,docker_stats_20250310_181257.log,181257,1991,3964,53,1982,16.0,28.0,,
2025-03-10 18:13:02,b44356d46825,40.6,35.87MiB,512MiB,2.36kB,0B,63.7MB,0B,10,docker_stats_20250310_181257.log,181257,2006,3964,53,1982,15.75,28.0,,
2025-03-10 18:13:05,b44356d46825,15.45,39MiB,512MiB,2.36kB,0B,70.6MB,0B,10,docker_stats_20250310_181257.log,181257,2001,3964,53,1982,16.0,28.5,,
2025-03-10 18:13:08,b44356d46825,39.98,43.2MiB,512MiB,4.07MB,18.9kB,70.7MB,0B,16,docker_stats_20250310_181257.log,181257,2002,3964,53,1982,11.25,28.0,,
2025-03-10 18:13:10,b44356d46825,40.16,52.98MiB,512MiB,5.04MB,23.7kB,74.6MB,0B,19,docker_stats_20250310_181257.log,181257,2007,3964,53,1982,17.75,28.5,,
2025-03-10 18:13:13,b44356d46825,40.08,59.98MiB,512MiB,5.67MB,47.5kB,78.5MB,0B,24,docker_stats_20250310_181257.log,181257,2015,3964,53,1982,19.5,28.0,,
2025-03-10 18:13:15,b44356d46825,40.52,60.44MiB,512MiB,7.77MB,58.5kB,78.5MB,0B,24,docker_stats_20250310_181257.log,181257,2018,3964,53,1982,20.75,28.5,,
2025-03-10 18:13:18,b44356d46825,41.17,62.18MiB,512MiB,7.77MB,58.5kB,78.5MB,0B,24,docker_stats_20250310_181257.log,181257,2019,3964,53,1982,22.5,29.0,,
2025-03-10 18:13:20,b44356d46825,40.95,62.74MiB,512MiB,7.77MB,58.5kB,78.5MB,0B,24,docker_stats_20250310_181257.log,181257,2031,3964,53,1982,21.25,28.5,,
2025-03-10 18:13:23,b44356d46825,42.55,66.15MiB,512MiB,7.77MB,58.5kB,78.5MB,0B,24,docker_stats_20250310_181257.log,181257,2023,3964,53,1982,25.0,28.5,,
2025-03-10 18:13:26,b44356d46825,40.55,67.36MiB,512MiB,7.77MB,58.5kB,78.5MB,0B,24,docker_stats_20250310_181257.log,181257,2035,3964,53,1982,26.5,29.0,,
2025-03-10 18:13:28,b44356d46825,39.85,71.46MiB,512MiB,7.77MB,58.5kB,78.5MB,0B,24,docker_stats_20250310_181257.log,181257,2029,3964,53,1982,26.25,29.5,,
2025-03-10 18:13:31,b44356d46825,40.4,68.83MiB,512MiB,7.77MB,66.9kB,78.5MB,0B,24,docker_stats_20250310_181257.log,181257,2033,3964,53,1982,33.5,29.5,,
2025-03-10 18:13:33,b44356d46825,0.0,0B,0B,0B,0B,0B,0B,0,docker_stats_20250310_181257.log,181257,1963,3964,53,1982,29.0,28.5,,
2025-03-10 18:13:35,b44356d46825,0.0,0B,0B,0B,0B,0B,0B,0,docker_stats_20250310_181257.log,181257,1960,3964,53,1982,9.5,28.5,,
2025-03-10 18:13:37,b44356d46825,0.0,0B,0B,0B,0B,0B,0B,0,docker_stats_20250310_181257.log,181257,1972,3964,53,1982,9.0,28.5,,
2025-03-10 18:13:38,b44356d46825,0.0,0B,0B,0B,0B,0B,0B,0,docker_stats_20250310_181257.log,181257,1960,3964,53,1982,13.75,28.0,,
2025-03-10 18:13:40,b44356d46825,0.0,0B,0B,0B,0B,0B,0B,0,docker_stats_20250310_181257.log,181257,1973,3964,53,1982,13.0,28.5,,
2025-03-10 18:13:41,b44356d46825,0.0,0B,0B,0B,0B,0B,0B,0,docker_stats_20250310_181257.log,181257,1960,3964,53,1982,8.0,28.0,,
2025-03-10 18:13:43,b44356d46825,0.0,0B,0B,0B,0B,0B,0B,0,docker_stats_20250310_181257.log,181257,1972,3964,53,1982,8.0,28.5,,
2025-03-10 18:13:45,b44356d46825,0.0,0B,0B,0B,0B,0B,0B,0,docker_stats_20250310_181257.log,181257,1962,3964,53,1982,9.5,28.0,,
2025-03-10 18:13:46,b44356d46825,0.0,0B,0B,0B,0B,0B,0B,0,docker_stats_20250310_181257.log,181257,1972,3964,53,1982,9.0,28.0,,
2025-03-10 18:13:48,b44356d46825,0.0,0B,0B,0B,0B,0B,0B,0,docker_stats_20250310_181257.log,181257,1961,3964,53,1982,15.0,28.0,,
2025-03-10 18:13:49,b44356d46825,0.0,0B,0B,0B,0B,0B,0B,0,docker_stats_20250310_181257.log,181257,1972,3964,53,1982,10.5,28.5,,
2025-03-10 18:13:51,b44356d46825,0.0,0B,0B,0B,0B,0B,0B,0,docker_stats_20250310_181257.log,181257,1960,3964,53,1982,9.25,28.0,,
2025-03-10 18:13:53,b44356d46825,0.0,0B,0B,0B,0B,0B,0B,0,docker_stats_20250310_181257.log,181257,1960,3964,53,1982,10.25,28.0,,
2025-03-10 18:13:54,b44356d46825,0.0,0B,0B,0B,0B,0B,0B,0,docker_stats_20250310_181257.log,181257,1978,3964,53,1982,9.25,28.0,,
2025-03-10 18:13:56,b44356d46825,0.0,0B,0B,0B,0B,0B,0B,0,docker_stats_20250310_181257.log,181257,1961,3964,53,1982,10.5,28.5,,
2025-03-10 18:13:57,b44356d46825,0.0,0B,0B,0B,0B,0B,0B,0,docker_stats_20250310_181257.log,181257,1970,3964,53,1982,9.5,28.5,,
2025-03-10 18:13:59,b44356d46825,0.0,0B,0B,0B,0B,0B,0B,0,docker_stats_20250310_181257.log,181257,1956,3964,53,1982,11.5,28.0,,
2025-03-10 18:14:01,b44356d46825,0.0,0B,0B,0B,0B,0B,0B,0,docker_stats_20250310_181257.log,181257,1954,3964,53,1982,9.75,28.0,,
2025-03-10 18:14:02,b44356d46825,0.0,0B,0B,0B,0B,0B,0B,0,docker_stats_20250310_181257.log,181257,1954,3964,53,1982,14.0,28.0,,
2025-03-10 18:14:04,b44356d46825,0.0,0B,0B,0B,0B,0B,0B,0,docker_stats_20250310_181257.log,181257,1955,3964,53,1982,7.5,28.0,,
2025-03-10 18:14:05,b44356d46825,0.0,0B,0B,0B,0B,0B,0B,0,docker_stats_20250310_181257.log,181257,1958,3964,53,1982,9.0,28.0,,
2025-03-10 18:14:07,b44356d46825,0.0,0B,0B,0B,0B,0B,0B,0,docker_stats_20250310_181257.log,181257,1954,3964,53,1982,7.75,28.5,,
2025-03-10 18:14:09,b44356d46825,0.0,0B,0B,0B,0B,0B,0B,0,docker_stats_20250310_181257.log,181257,1956,3964,53,1982,8.5,28.5,,
2025-03-10 18:14:10,b44356d46825,0.0,0B,0B,0B,0B,0B,0B,0,docker_stats_20250310_181257.log,181257,1955,3964,53,1982,10.0,28.0,,
2025-03-10 18:14:12,b44356d46825,0.0,0B,0B,0B,0B,0B,0B,0,docker_stats_20250310_181257.log,181257,1954,3964,53,1982,7.75,28.5,,
2025-03-10 18:14:13,b44356d46825,0.0,0B,0B,0B,0B,0B,0B,0,docker_stats_20250310_181257.log,181257,1956,3964,53,1982,11.25,28.5,,
2025-03-10 18:14:15,b44356d46825,0.0,0B,0B,0B,0B,0B,0B,0,docker_stats_20250310_181257.log,181257,1967,3964,53,1982,9.5,28.0,,
2025-03-10 18:14:17,b44356d46825,0.0,0B,0B,0B,0B,0B,0B,0,docker_stats_20250310_181257.log,181257,1954,3964,53,1982,8.5,28.0,,
2025-03-10 18:14:18,b44356d46825,0.0,0B,0B,0B,0B,0B,0B,0,docker_stats_20250310_181257.log,181257,1969,3964,53,1982,8.75,28.5,,
2025-03-10 18:16:36,62cd9cce609e,40.46,19.43MiB,512MiB,1.53kB,0B,39.4MB,0B,10,docker_stats_20250310_181636.log,181636,1997,3964,53,1982,36.75,28.5,,
2025-03-10 18:16:39,62cd9cce609e,40.25,28.15MiB,512MiB,2.16kB,0B,51.8MB,0B,10,docker_stats_20250310_181636.log,181636,1996,3964,53,1982,19.0,28.0,,
2025-03-10 18:16:42,62cd9cce609e,40.48,33.24MiB,512MiB,2.36kB,0B,63.6MB,0B,10,docker_stats_20250310_181636.log,181636,2017,3964,53,1982,21.75,29.0,,
2025-03-10 18:16:44,62cd9cce609e,29.36,36.48MiB,512MiB,2.36kB,0B,70.6MB,0B,10,docker_stats_20250310_181636.log,181636,2010,3964,53,1982,17.75,28.0,,
2025-03-10 18:16:47,62cd9cce609e,38.55,44.71MiB,512MiB,4.08MB,21kB,70.7MB,0B,16,docker_stats_20250310_181636.log,181636,2013,3964,53,1982,12.5,28.0,,
2025-03-10 18:16:49,62cd9cce609e,40.41,58MiB,512MiB,4.34MB,21.8kB,75.5MB,0B,28,docker_stats_20250310_181636.log,181636,2024,3964,53,1982,17.0,28.5,,
2025-03-10 18:16:52,62cd9cce609e,40.68,61.84MiB,512MiB,5.14MB,40kB,78.5MB,0B,22,docker_stats_20250310_181636.log,181636,2030,3964,53,1982,18.0,28.0,,
2025-03-10 18:16:55,62cd9cce609e,40.33,61.95MiB,512MiB,7.76MB,59.2kB,78.5MB,0B,22,docker_stats_20250310_181636.log,181636,2023,3964,53,1982,21.25,29.0,,
2025-03-10 18:16:57,62cd9cce609e,40.03,64.19MiB,512MiB,8.81MB,62.5kB,78.5MB,0B,22,docker_stats_20250310_181636.log,181636,2034,3964,53,1982,22.75,28.5,,
2025-03-10 18:17:00,62cd9cce609e,40.64,64.35MiB,512MiB,8.81MB,62.5kB,78.5MB,0B,22,docker_stats_20250310_181636.log,181636,2040,3964,53,1982,23.5,28.5,,
2025-03-10 18:17:02,62cd9cce609e,40.16,69.2MiB,512MiB,8.81MB,62.5kB,78.5MB,0B,22,docker_stats_20250310_181636.log,181636,2046,3964,53,1982,36.0,29.0,,
2025-03-10 18:17:05,62cd9cce609e,39.79,69.75MiB,512MiB,8.81MB,62.5kB,78.5MB,0B,22,docker_stats_20250310_181636.log,181636,2046,3964,53,1982,26.5,28.5,,
2025-03-10 18:17:08,62cd9cce609e,41.71,69.81MiB,512MiB,8.81MB,76.9kB,78.5MB,0B,22,docker_stats_20250310_181636.log,181636,2035,3964,53,1982,31.25,28.5,,
2025-03-10 18:17:10,62cd9cce609e,0.0,0B,0B,0B,0B,0B,0B,0,docker_stats_20250310_181636.log,181636,2047,3964,53,1982,31.5,28.5,,
2025-03-10 18:17:12,62cd9cce609e,0.0,0B,0B,0B,0B,0B,0B,0,docker_stats_20250310_181636.log,181636,1962,3964,53,1982,10.5,28.5,,
2025-03-10 18:17:13,62cd9cce609e,0.0,0B,0B,0B,0B,0B,0B,0,docker_stats_20250310_181636.log,181636,1968,3964,53,1982,7.75,28.5,,
2025-03-10 18:17:15,62cd9cce609e,0.0,0B,0B,0B,0B,0B,0B,0,docker_stats_20250310_181636.log,181636,1977,3964,53,1982,10.0,28.5,,
2025-03-10 18:17:17,62cd9cce609e,0.0,0B,0B,0B,0B,0B,0B,0,docker_stats_20250310_181636.log,181636,1962,3964,53,1982,11.25,28.0,,
2025-03-10 18:17:18,62cd9cce609e,0.0,0B,0B,0B,0B,0B,0B,0,docker_stats_20250310_181636.log,181636,1972,3964,53,1982,8.0,28.0,,
2025-03-10 18:17:20,62cd9cce609e,0.0,0B,0B,0B,0B,0B,0B,0,docker_stats_20250310_181636.log,181636,1964,3964,53,1982,11.0,28.5,,
2025-03-10 18:17:21,62cd9cce609e,0.0,0B,0B,0B,0B,0B,0B,0,docker_stats_20250310_181636.log,181636,1974,3964,53,1982,10.75,28.5,,
2025-03-10 18:17:23,62cd9cce609e,0.0,0B,0B,0B,0B,0B,0B,0,docker_stats_20250310_181636.log,181636,1962,3964,53,1982,9.5,28.0,,
2025-03-10 18:17:25,62cd9cce609e,0.0,0B,0B,0B,0B,0B,0B,0,docker_stats_20250310_181636.log,181636,1964,3964,53,1982,11.75,28.5,,
2025-03-10 18:17:26,62cd9cce609e,0.0,0B,0B,0B,0B,0B,0B,0,docker_stats_20250310_181636.log,181636,1964,3964,53,1982,11.0,28.0,,
2025-03-10 18:17:28,62cd9cce609e,0.0,0B,0B,0B,0B,0B,0B,0,docker_stats_20250310_181636.log,181636,1963,3964,53,1982,8.25,28.0,,
2025-03-10 18:17:29,62cd9cce609e,0.0,0B,0B,0B,0B,0B,0B,0,docker_stats_20250310_181636.log,181636,1975,3964,53,1982,11.75,28.5,,
2025-03-10 18:17:31,62cd9cce609e,0.0,0B,0B,0B,0B,0B,0B,0,docker_stats_20250310_181636.log,181636,1963,3964,53,1982,9.75,28.0,,
2025-03-10 18:17:33,62cd9cce609e,0.0,0B,0B,0B,0B,0B,0B,0,docker_stats_20250310_181636.log,181636,1963,3964,53,1982,7.75,28.0,,
2025-03-10 18:17:34,62cd9cce609e,0.0,0B,0B,0B,0B,0B,0B,0,docker_stats_20250310_181636.log,181636,1965,3964,53,1982,16.75,28.5,,
2025-03-10 18:17:36,62cd9cce609e,0.0,0B,0B,0B,0B,0B,0B,0,docker_stats_20250310_181636.log,181636,1964,3964,53,1982,7.0,28.0,,
2025-03-10 18:17:37,62cd9cce609e,0.0,0B,0B,0B,0B,0B,0B,0,docker_stats_20250310_181636.log,181636,1964,3964,53,1982,9.25,28.5,,
2025-03-10 18:17:39,62cd9cce609e,0.0,0B,0B,0B,0B,0B,0B,0,docker_stats_20250310_181636.log,181636,1958,3964,53,1982,11.5,28.0,,
2025-03-10 18:19:45,7439f6152c21,40.77,17.48MiB,512MiB,838B,0B,38.9MB,0B,10,docker_stats_20250310_181945.log,181945,1988,3964,53,1982,53.0,29.5,489646589.0,263752171.0
2025-03-10 18:19:47,7439f6152c21,40.71,26.48MiB,512MiB,2.16kB,0B,46.6MB,0B,10,docker_stats_20250310_181945.log,181945,1988,3964,53,1982,53.0,29.5,489646589.0,263752171.0
2025-03-10 18:19:50,7439f6152c21,39.74,31.79MiB,512MiB,2.36kB,0B,63.5MB,0B,10,docker_stats_20250310_181945.log,181945,2001,3964,53,1982,16.5,28.5,370245120.0,233609432.0
2025-03-10 18:19:52,7439f6152c21,39.93,36.33MiB,512MiB,2.36kB,0B,67.1MB,0B,10,docker_stats_20250310_181945.log,181945,2004,3964,53,1982,19.75,28.5,447005291.0,253320267.0
2025-03-10 18:19:55,7439f6152c21,16.61,38.07MiB,512MiB,3.76MB,16.9kB,70.6MB,0B,16,docker_stats_20250310_181945.log,181945,2009,3964,53,1982,17.0,28.5,219813847.0,134287364.0
2025-03-10 18:19:58,7439f6152c21,40.59,48.7MiB,512MiB,4.07MB,17.3kB,70.7MB,0B,16,docker_stats_20250310_181945.log,181945,2003,3964,53,1982,19.5,28.0,315692633.0,167109483.0
2025-03-10 18:20:00,7439f6152c21,40.63,57.35MiB,512MiB,4.82MB,28.7kB,78.5MB,0B,24,docker_stats_20250310_181945.log,181945,2018,3964,53,1982,14.75,28.5,421741300.0,228794124.0
2025-03-10 18:20:03,7439f6152c21,40.35,57.79MiB,512MiB,6.18MB,47.6kB,78.5MB,0B,24,docker_stats_20250310_181945.log,181945,2013,3964,53,1982,28.0,28.5,400499676.0,196634033.0
2025-03-10 18:20:05,7439f6152c21,39.15,61.76MiB,512MiB,7.75MB,54.7kB,78.5MB,0B,24,docker_stats_20250310_181945.log,181945,2025,3964,53,1982,21.75,29.0,394054338.0,209158334.0
2025-03-10 18:20:08,7439f6152c21,40.23,64.78MiB,512MiB,7.75MB,54.7kB,78.5MB,0B,24,docker_stats_20250310_181945.log,181945,2031,3964,53,1982,21.0,28.5,412703282.0,226351851.0
2025-03-10 18:20:11,7439f6152c21,39.98,65.05MiB,512MiB,7.75MB,54.7kB,78.5MB,0B,24,docker_stats_20250310_181945.log,181945,2023,3964,53,1982,21.75,28.5,362301733.0,213816868.0
2025-03-10 18:20:13,7439f6152c21,39.83,66.38MiB,512MiB,7.75MB,54.7kB,78.5MB,0B,24,docker_stats_20250310_181945.log,181945,2036,3964,53,1982,23.0,28.5,386726818.0,226900644.0
2025-03-10 18:20:16,7439f6152c21,40.78,65.8MiB,512MiB,7.75MB,54.7kB,78.5MB,0B,24,docker_stats_20250310_181945.log,181945,2024,3964,53,1982,32.75,29.0,502812473.0,267959835.0
2025-03-10 18:20:18,7439f6152c21,41.07,68.29MiB,512MiB,7.75MB,54.7kB,78.5MB,0B,24,docker_stats_20250310_181945.log,181945,2038,3964,53,1982,22.5,28.5,420650140.0,294856709.0
2025-03-10 18:20:21,7439f6152c21,0.0,0B,0B,0B,0B,0B,0B,0,docker_stats_20250310_181945.log,181945,2027,3964,53,1982,33.25,28.5,510278933.0,272893920.0
2025-03-10 18:20:24,7439f6152c21,0.0,0B,0B,0B,0B,0B,0B,0,docker_stats_20250310_181945.log,181945,1958,3964,53,1982,8.75,28.5,,
2025-03-10 18:20:25,7439f6152c21,0.0,0B,0B,0B,0B,0B,0B,0,docker_stats_20250310_181945.log,181945,1958,3964,53,1982,9.0,28.5,,
2025-03-10 18:20:27,7439f6152c21,0.0,0B,0B,0B,0B,0B,0B,0,docker_stats_20250310_181945.log,181945,1960,3964,53,1982,8.25,28.5,,
2025-03-10 18:20:28,7439f6152c21,0.0,0B,0B,0B,0B,0B,0B,0,docker_stats_20250310_181945.log,181945,1972,3964,53,1982,9.0,28.0,,
2025-03-10 18:20:30,7439f6152c21,0.0,0B,0B,0B,0B,0B,0B,0,docker_stats_20250310_181945.log,181945,1958,3964,53,1982,15.0,28.5,,
2025-03-10 18:20:31,7439f6152c21,0.0,0B,0B,0B,0B,0B,0B,0,docker_stats_20250310_181945.log,181945,1968,3964,53,1982,7.5,28.5,,
2025-03-10 18:20:33,7439f6152c21,0.0,0B,0B,0B,0B,0B,0B,0,docker_stats_20250310_181945.log,181945,1959,3964,53,1982,8.5,28.5,,
2025-03-10 18:20:35,7439f6152c21,0.0,0B,0B,0B,0B,0B,0B,0,docker_stats_20250310_181945.log,181945,1957,3964,53,1982,7.75,28.5,,
2025-03-10 18:20:36,7439f6152c21,0.0,0B,0B,0B,0B,0B,0B,0,docker_stats_20250310_181945.log,181945,1957,3964,53,1982,11.25,28.5,,
2025-03-10 18:20:38,7439f6152c21,0.0,0B,0B,0B,0B,0B,0B,0,docker_stats_20250310_181945.log,181945,1959,3964,53,1982,7.0,28.5,,
2025-03-10 18:20:39,7439f6152c21,0.0,0B,0B,0B,0B,0B,0B,0,docker_stats_20250310_181945.log,181945,1958,3964,53,1982,10.25,28.5,,
2025-03-10 18:20:41,7439f6152c21,0.0,0B,0B,0B,0B,0B,0B,0,docker_stats_20250310_181945.log,181945,1970,3964,53,1982,14.0,28.5,,
2025-03-10 18:20:43,7439f6152c21,0.0,0B,0B,0B,0B,0B,0B,0,docker_stats_20250310_181945.log,181945,1971,3964,53,1982,10.5,28.5,,
2025-03-10 18:20:44,7439f6152c21,0.0,0B,0B,0B,0B,0B,0B,0,docker_stats_20250310_181945.log,181945,1959,3964,53,1982,9.5,28.5,,
2025-03-10 18:20:46,7439f6152c21,0.0,0B,0B,0B,0B,0B,0B,0,docker_stats_20250310_181945.log,181945,1968,3964,53,1982,9.0,28.5,,
