timestamp,container_id,cpu_percent,mem_usage,mem_limit,net_in,net_out,block_in,block_out,pids,docker_file,cycles,instructions,perf_file,ram_used,ram_total,swap_used,swap_total,avg_cpu,cpu_temp,tegra_file,scenario
2025-03-10 18:07:33,b590f4fa6eff,40.61,21.55MiB,512MiB,1.95kB,0B,39.4MB,0B,10,docker_stats_20250310_180733.log,506946798.0,265830708.0,perf_stat_20250310_180732.log,1985,3964,53,1982,20.75,28.5,tegrastats_20250310_180733.log,docker_stats_20250310_180733.log
2025-03-10 18:07:36,b590f4fa6eff,40.85,29.07MiB,512MiB,2.16kB,0B,51.8MB,0B,10,docker_stats_20250310_180733.log,379376863.0,244142183.0,perf_stat_20250310_180732.log,1988,3964,53,1982,18.5,28.5,tegrastats_20250310_180733.log,docker_stats_20250310_180733.log
2025-03-10 18:07:38,b590f4fa6eff,40.91,32.37MiB,512MiB,2.36kB,0B,63.6MB,0B,10,docker_stats_20250310_180733.log,302913281.0,172859981.0,perf_stat_20250310_180732.log,1983,3964,53,1982,16.75,28.5,tegrastats_20250310_180733.log,docker_stats_20250310_180733.log
2025-03-10 18:07:41,b590f4fa6eff,40.68,36.58MiB,512MiB,2.36kB,0B,70.5MB,0B,10,docker_stats_20250310_180733.log,356887702.0,207281469.0,perf_stat_20250310_180732.log,1997,3964,53,1982,17.75,28.5,tegrastats_20250310_180733.log,docker_stats_20250310_180733.log
2025-03-10 18:07:44,b590f4fa6eff,9.38,38.1MiB,512MiB,1.92MB,12.6kB,70.7MB,0B,16,docker_stats_20250310_180733.log,76208478.0,37482870.0,perf_stat_20250310_180732.log,1998,3964,53,1982,12.0,28.5,tegrastats_20250310_180733.log,docker_stats_20250310_180733.log
2025-03-10 18:07:46,b590f4fa6eff,39.77,47.55MiB,512MiB,4.07MB,17.2kB,70.8MB,0B,16,docker_stats_20250310_180733.log,373705706.0,208958164.0,perf_stat_20250310_180732.log,2002,3964,53,1982,22.5,29.0,tegrastats_20250310_180733.log,docker_stats_20250310_180733.log
2025-03-10 18:07:49,b590f4fa6eff,41.2,57.15MiB,512MiB,4.6MB,28.5kB,78.6MB,0B,24,docker_stats_20250310_180733.log,404041536.0,209406796.0,perf_stat_20250310_180732.log,2010,3964,53,1982,20.75,28.5,tegrastats_20250310_180733.log,docker_stats_20250310_180733.log
2025-03-10 18:07:51,b590f4fa6eff,40.34,58.02MiB,512MiB,6.19MB,49.5kB,78.6MB,0B,24,docker_stats_20250310_180733.log,391538316.0,205457387.0,perf_stat_20250310_180732.log,2010,3964,53,1982,22.25,29.5,tegrastats_20250310_180733.log,docker_stats_20250310_180733.log
2025-03-10 18:07:54,b590f4fa6eff,40.85,60.49MiB,512MiB,7.61MB,55kB,78.6MB,0B,24,docker_stats_20250310_180733.log,411173054.0,202776218.0,perf_stat_20250310_180732.log,2017,3964,53,1982,24.25,29.0,tegrastats_20250310_180733.log,docker_stats_20250310_180733.log
2025-03-10 18:07:57,b590f4fa6eff,40.45,61.35MiB,512MiB,7.61MB,55.1kB,78.6MB,0B,24,docker_stats_20250310_180733.log,394977728.0,228887261.0,perf_stat_20250310_180732.log,2019,3964,53,1982,23.75,29.0,tegrastats_20250310_180733.log,docker_stats_20250310_180733.log
2025-03-10 18:07:59,b590f4fa6eff,40.12,66.21MiB,512MiB,7.61MB,55.2kB,78.6MB,0B,24,docker_stats_20250310_180733.log,525903213.0,293823025.0,perf_stat_20250310_180732.log,2024,3964,53,1982,30.75,29.0,tegrastats_20250310_180733.log,docker_stats_20250310_180733.log
2025-03-10 18:08:02,b590f4fa6eff,41.02,66.28MiB,512MiB,7.65MB,55.8kB,78.6MB,0B,24,docker_stats_20250310_180733.log,472804225.0,252441188.0,perf_stat_20250310_180732.log,2012,3964,53,1982,35.5,28.5,tegrastats_20250310_180733.log,docker_stats_20250310_180733.log
2025-03-10 18:08:04,b590f4fa6eff,40.22,68.67MiB,512MiB,7.65MB,55.9kB,78.6MB,0B,24,docker_stats_20250310_180733.log,430528289.0,308674188.0,perf_stat_20250310_180732.log,2017,3964,53,1982,23.5,29.0,tegrastats_20250310_180733.log,docker_stats_20250310_180733.log
2025-03-10 18:08:07,b590f4fa6eff,0.0,0B,0B,0B,0B,0B,0B,0,docker_stats_20250310_180733.log,251868413.0,134989428.0,perf_stat_20250310_180732.log,2015,3964,53,1982,41.75,29.5,tegrastats_20250310_180733.log,docker_stats_20250310_180733.log
2025-03-10 18:08:10,b590f4fa6eff,0.0,0B,0B,0B,0B,0B,0B,0,docker_stats_20250310_180733.log,,,,1953,3964,53,1982,10.5,28.5,tegrastats_20250310_180733.log,docker_stats_20250310_180733.log
2025-03-10 18:08:11,b590f4fa6eff,0.0,0B,0B,0B,0B,0B,0B,0,docker_stats_20250310_180733.log,,,,1945,3964,53,1982,7.25,28.5,tegrastats_20250310_180733.log,docker_stats_20250310_180733.log
2025-03-10 18:08:13,b590f4fa6eff,0.0,0B,0B,0B,0B,0B,0B,0,docker_stats_20250310_180733.log,,,,1947,3964,53,1982,10.25,28.5,tegrastats_20250310_180733.log,docker_stats_20250310_180733.log
2025-03-10 18:08:14,b590f4fa6eff,0.0,0B,0B,0B,0B,0B,0B,0,docker_stats_20250310_180733.log,,,,1946,3964,53,1982,13.75,29.0,tegrastats_20250310_180733.log,docker_stats_20250310_180733.log
2025-03-10 18:08:16,b590f4fa6eff,0.0,0B,0B,0B,0B,0B,0B,0,docker_stats_20250310_180733.log,,,,1946,3964,53,1982,8.75,29.0,tegrastats_20250310_180733.log,docker_stats_20250310_180733.log
2025-03-10 18:08:18,b590f4fa6eff,0.0,0B,0B,0B,0B,0B,0B,0,docker_stats_20250310_180733.log,,,,1959,3964,53,1982,10.75,29.0,tegrastats_20250310_180733.log,docker_stats_20250310_180733.log
2025-03-10 18:08:19,b590f4fa6eff,0.0,0B,0B,0B,0B,0B,0B,0,docker_stats_20250310_180733.log,,,,1947,3964,53,1982,10.75,28.5,tegrastats_20250310_180733.log,docker_stats_20250310_180733.log
2025-03-10 18:08:21,b590f4fa6eff,0.0,0B,0B,0B,0B,0B,0B,0,docker_stats_20250310_180733.log,,,,1955,3964,53,1982,9.75,28.5,tegrastats_20250310_180733.log,docker_stats_20250310_180733.log
2025-03-10 18:08:22,b590f4fa6eff,0.0,0B,0B,0B,0B,0B,0B,0,docker_stats_20250310_180733.log,,,,1946,3964,53,1982,9.25,28.5,tegrastats_20250310_180733.log,docker_stats_20250310_180733.log
2025-03-10 18:08:24,b590f4fa6eff,0.0,0B,0B,0B,0B,0B,0B,0,docker_stats_20250310_180733.log,,,,1947,3964,53,1982,8.5,28.5,tegrastats_20250310_180733.log,docker_stats_20250310_180733.log
2025-03-10 18:08:26,b590f4fa6eff,0.0,0B,0B,0B,0B,0B,0B,0,docker_stats_20250310_180733.log,,,,1956,3964,53,1982,9.75,28.5,tegrastats_20250310_180733.log,docker_stats_20250310_180733.log
2025-03-10 18:08:27,b590f4fa6eff,0.0,0B,0B,0B,0B,0B,0B,0,docker_stats_20250310_180733.log,,,,1947,3964,53,1982,15.25,28.5,tegrastats_20250310_180733.log,docker_stats_20250310_180733.log
2025-03-10 18:08:29,b590f4fa6eff,0.0,0B,0B,0B,0B,0B,0B,0,docker_stats_20250310_180733.log,,,,1957,3964,53,1982,10.25,28.5,tegrastats_20250310_180733.log,docker_stats_20250310_180733.log
2025-03-10 18:08:30,b590f4fa6eff,0.0,0B,0B,0B,0B,0B,0B,0,docker_stats_20250310_180733.log,,,,1947,3964,53,1982,9.25,28.5,tegrastats_20250310_180733.log,docker_stats_20250310_180733.log
2025-03-10 18:08:32,b590f4fa6eff,0.0,0B,0B,0B,0B,0B,0B,0,docker_stats_20250310_180733.log,,,,1960,3964,53,1982,10.75,28.5,tegrastats_20250310_180733.log,docker_stats_20250310_180733.log
2025-03-10 18:08:33,b590f4fa6eff,0.0,0B,0B,0B,0B,0B,0B,0,docker_stats_20250310_180733.log,,,,1941,3964,53,1982,9.5,28.5,tegrastats_20250310_180733.log,docker_stats_20250310_180733.log
2025-03-10 17:58:42,5b14c48454f7,41.41,25.58MiB,512MiB,1.95kB,0B,39.4MB,0B,10,docker_stats_20250310_175842.log,490719056.0,273763849.0,perf_stat_20250310_175842.log,2001,3964,53,1982,16.5,27.5,tegrastats_20250310_175842.log,docker_stats_20250310_175842.log
2025-03-10 17:58:45,5b14c48454f7,40.51,32.14MiB,512MiB,2.16kB,0B,52.1MB,0B,10,docker_stats_20250310_175842.log,362886045.0,234110526.0,perf_stat_20250310_175842.log,1993,3964,53,1982,16.25,28.5,tegrastats_20250310_175842.log,docker_stats_20250310_175842.log
2025-03-10 17:58:48,5b14c48454f7,40.59,37.37MiB,512MiB,2.36kB,0B,63.7MB,0B,10,docker_stats_20250310_175842.log,409502395.0,231433587.0,perf_stat_20250310_175842.log,1999,3964,53,1982,19.25,28.0,tegrastats_20250310_175842.log,docker_stats_20250310_175842.log
2025-03-10 17:58:50,5b14c48454f7,18.64,40.55MiB,512MiB,2.36kB,0B,70.6MB,0B,10,docker_stats_20250310_175842.log,408442555.0,227109219.0,perf_stat_20250310_175842.log,2001,3964,53,1982,17.0,27.5,tegrastats_20250310_175842.log,docker_stats_20250310_175842.log
2025-03-10 17:58:53,5b14c48454f7,40.55,48.61MiB,512MiB,4.08MB,25.3kB,70.7MB,0B,16,docker_stats_20250310_175842.log,426576869.0,262185637.0,perf_stat_20250310_175842.log,2009,3964,53,1982,16.0,28.0,tegrastats_20250310_175842.log,docker_stats_20250310_175842.log
2025-03-10 17:58:55,5b14c48454f7,40.81,62.39MiB,512MiB,4.61MB,30.3kB,78.3MB,0B,26,docker_stats_20250310_175842.log,434974382.0,265811962.0,perf_stat_20250310_175842.log,2013,3964,53,1982,15.25,28.0,tegrastats_20250310_175842.log,docker_stats_20250310_175842.log
2025-03-10 17:58:58,5b14c48454f7,41.07,63.29MiB,512MiB,5.66MB,48.8kB,78.3MB,0B,26,docker_stats_20250310_175842.log,427448134.0,227641104.0,perf_stat_20250310_175842.log,2019,3964,53,1982,22.5,28.5,tegrastats_20250310_175842.log,docker_stats_20250310_175842.log
2025-03-10 17:59:01,5b14c48454f7,42.2,64.74MiB,512MiB,6.71MB,60.2kB,78.3MB,0B,26,docker_stats_20250310_175842.log,443585818.0,220492316.0,perf_stat_20250310_175842.log,2029,3964,53,1982,23.25,28.5,tegrastats_20250310_175842.log,docker_stats_20250310_175842.log
2025-03-10 17:59:03,5b14c48454f7,39.75,66.65MiB,512MiB,8.29MB,66.3kB,78.3MB,0B,26,docker_stats_20250310_175842.log,429536025.0,252463562.0,perf_stat_20250310_175842.log,2026,3964,53,1982,22.25,28.5,tegrastats_20250310_175842.log,docker_stats_20250310_175842.log
2025-03-10 17:59:06,5b14c48454f7,40.34,68.38MiB,512MiB,8.29MB,66.3kB,78.3MB,0B,26,docker_stats_20250310_175842.log,420662025.0,239791600.0,perf_stat_20250310_175842.log,2028,3964,53,1982,23.0,28.0,tegrastats_20250310_175842.log,docker_stats_20250310_175842.log
2025-03-10 17:59:08,5b14c48454f7,39.95,70.04MiB,512MiB,8.29MB,66.3kB,78.3MB,0B,26,docker_stats_20250310_175842.log,433291731.0,381943852.0,perf_stat_20250310_175842.log,2030,3964,53,1982,25.0,28.5,tegrastats_20250310_175842.log,docker_stats_20250310_175842.log
2025-03-10 17:59:11,5b14c48454f7,40.68,71.41MiB,512MiB,8.29MB,66.3kB,78.3MB,0B,26,docker_stats_20250310_175842.log,434564639.0,272507788.0,perf_stat_20250310_175842.log,2029,3964,53,1982,24.5,28.5,tegrastats_20250310_175842.log,docker_stats_20250310_175842.log
2025-03-10 17:59:13,5b14c48454f7,40.87,70.7MiB,512MiB,8.29MB,66.3kB,78.3MB,0B,26,docker_stats_20250310_175842.log,480328761.0,280107138.0,perf_stat_20250310_175842.log,2031,3964,53,1982,28.25,28.5,tegrastats_20250310_175842.log,docker_stats_20250310_175842.log
2025-03-10 17:59:16,5b14c48454f7,0.0,0B,0B,0B,0B,0B,0B,0,docker_stats_20250310_175842.log,109346323.0,57540604.0,perf_stat_20250310_175842.log,1960,3964,53,1982,32.0,29.0,tegrastats_20250310_175842.log,docker_stats_20250310_175842.log
2025-03-10 17:59:18,5b14c48454f7,0.0,0B,0B,0B,0B,0B,0B,0,docker_stats_20250310_175842.log,109346323.0,57540604.0,perf_stat_20250310_175842.log,1970,3964,53,1982,16.0,28.0,tegrastats_20250310_175842.log,docker_stats_20250310_175842.log
2025-03-10 17:59:19,5b14c48454f7,0.0,0B,0B,0B,0B,0B,0B,0,docker_stats_20250310_175842.log,,,,1959,3964,53,1982,9.25,28.0,tegrastats_20250310_175842.log,docker_stats_20250310_175842.log
2025-03-10 17:59:21,5b14c48454f7,0.0,0B,0B,0B,0B,0B,0B,0,docker_stats_20250310_175842.log,,,,1970,3964,53,1982,8.75,28.0,tegrastats_20250310_175842.log,docker_stats_20250310_175842.log
2025-03-10 17:59:22,5b14c48454f7,0.0,0B,0B,0B,0B,0B,0B,0,docker_stats_20250310_175842.log,,,,1958,3964,53,1982,9.75,28.0,tegrastats_20250310_175842.log,docker_stats_20250310_175842.log
2025-03-10 17:59:24,5b14c48454f7,0.0,0B,0B,0B,0B,0B,0B,0,docker_stats_20250310_175842.log,,,,1959,3964,53,1982,8.0,28.0,tegrastats_20250310_175842.log,docker_stats_20250310_175842.log
2025-03-10 17:59:26,5b14c48454f7,0.0,0B,0B,0B,0B,0B,0B,0,docker_stats_20250310_175842.log,,,,1968,3964,53,1982,10.75,28.0,tegrastats_20250310_175842.log,docker_stats_20250310_175842.log
2025-03-10 17:59:27,5b14c48454f7,0.0,0B,0B,0B,0B,0B,0B,0,docker_stats_20250310_175842.log,,,,1958,3964,53,1982,12.25,28.0,tegrastats_20250310_175842.log,docker_stats_20250310_175842.log
2025-03-10 17:59:29,5b14c48454f7,0.0,0B,0B,0B,0B,0B,0B,0,docker_stats_20250310_175842.log,,,,1968,3964,53,1982,11.5,28.0,tegrastats_20250310_175842.log,docker_stats_20250310_175842.log
2025-03-10 17:59:30,5b14c48454f7,0.0,0B,0B,0B,0B,0B,0B,0,docker_stats_20250310_175842.log,,,,1958,3964,53,1982,8.25,27.5,tegrastats_20250310_175842.log,docker_stats_20250310_175842.log
2025-03-10 17:59:32,5b14c48454f7,0.0,0B,0B,0B,0B,0B,0B,0,docker_stats_20250310_175842.log,,,,1968,3964,53,1982,11.0,28.0,tegrastats_20250310_175842.log,docker_stats_20250310_175842.log
2025-03-10 17:59:33,5b14c48454f7,0.0,0B,0B,0B,0B,0B,0B,0,docker_stats_20250310_175842.log,,,,1960,3964,53,1982,10.0,28.0,tegrastats_20250310_175842.log,docker_stats_20250310_175842.log
2025-03-10 17:59:35,5b14c48454f7,0.0,0B,0B,0B,0B,0B,0B,0,docker_stats_20250310_175842.log,,,,1972,3964,53,1982,9.0,28.0,tegrastats_20250310_175842.log,docker_stats_20250310_175842.log
2025-03-10 17:59:37,5b14c48454f7,0.0,0B,0B,0B,0B,0B,0B,0,docker_stats_20250310_175842.log,,,,1970,3964,53,1982,9.0,28.0,tegrastats_20250310_175842.log,docker_stats_20250310_175842.log
2025-03-10 17:59:38,5b14c48454f7,0.0,0B,0B,0B,0B,0B,0B,0,docker_stats_20250310_175842.log,,,,1960,3964,53,1982,16.75,28.0,tegrastats_20250310_175842.log,docker_stats_20250310_175842.log
2025-03-10 17:59:40,5b14c48454f7,0.0,0B,0B,0B,0B,0B,0B,0,docker_stats_20250310_175842.log,,,,1968,3964,53,1982,8.5,28.0,tegrastats_20250310_175842.log,docker_stats_20250310_175842.log
2025-03-10 17:59:41,5b14c48454f7,0.0,0B,0B,0B,0B,0B,0B,0,docker_stats_20250310_175842.log,,,,1958,3964,53,1982,6.25,27.5,tegrastats_20250310_175842.log,docker_stats_20250310_175842.log
2025-03-10 17:59:43,5b14c48454f7,0.0,0B,0B,0B,0B,0B,0B,0,docker_stats_20250310_175842.log,,,,1962,3964,53,1982,9.0,28.0,tegrastats_20250310_175842.log,docker_stats_20250310_175842.log
2025-03-10 17:59:45,5b14c48454f7,0.0,0B,0B,0B,0B,0B,0B,0,docker_stats_20250310_175842.log,,,,1949,3964,53,1982,10.5,27.5,tegrastats_20250310_175842.log,docker_stats_20250310_175842.log
2025-03-10 17:59:46,5b14c48454f7,0.0,0B,0B,0B,0B,0B,0B,0,docker_stats_20250310_175842.log,,,,1959,3964,53,1982,8.75,28.0,tegrastats_20250310_175842.log,docker_stats_20250310_175842.log
2025-03-10 18:01:42,e2901ccd4d8f,42.96,23.88MiB,512MiB,1.95kB,0B,39.4MB,0B,10,docker_stats_20250310_180141.log,476153526.0,259697140.0,perf_stat_20250310_180141.log,1982,3964,53,1982,42.0,28.5,tegrastats_20250310_180141.log,docker_stats_20250310_180141.log
2025-03-10 18:01:44,e2901ccd4d8f,40.58,29.96MiB,512MiB,2.16kB,0B,51.8MB,0B,10,docker_stats_20250310_180141.log,372917275.0,224065101.0,perf_stat_20250310_180141.log,1975,3964,53,1982,15.25,28.5,tegrastats_20250310_180141.log,docker_stats_20250310_180141.log
2025-03-10 18:01:47,e2901ccd4d8f,40.36,35.11MiB,512MiB,2.36kB,0B,63.6MB,0B,10,docker_stats_20250310_180141.log,410332882.0,244969682.0,perf_stat_20250310_180141.log,1980,3964,53,1982,16.75,28.5,tegrastats_20250310_180141.log,docker_stats_20250310_180141.log
2025-03-10 18:01:49,e2901ccd4d8f,30.99,38.75MiB,512MiB,2.36kB,0B,70.5MB,0B,10,docker_stats_20250310_180141.log,383134551.0,224288418.0,perf_stat_20250310_180141.log,1983,3964,53,1982,15.75,28.5,tegrastats_20250310_180141.log,docker_stats_20250310_180141.log
2025-03-10 18:01:52,e2901ccd4d8f,42.82,44.3MiB,512MiB,4.1MB,27.4kB,70.9MB,0B,16,docker_stats_20250310_180141.log,99454637.0,52359977.0,perf_stat_20250310_180141.log,1986,3964,53,1982,15.0,28.0,tegrastats_20250310_180141.log,docker_stats_20250310_180141.log
2025-03-10 18:01:55,e2901ccd4d8f,41.47,59.23MiB,512MiB,5.15MB,30.9kB,79.3MB,0B,28,docker_stats_20250310_180141.log,439043520.0,265938262.0,perf_stat_20250310_180141.log,2003,3964,53,1982,16.75,28.5,tegrastats_20250310_180141.log,docker_stats_20250310_180141.log
2025-03-10 18:01:57,e2901ccd4d8f,40.17,60.09MiB,512MiB,6.21MB,59.1kB,79.4MB,0B,24,docker_stats_20250310_180141.log,341059060.0,211349812.0,perf_stat_20250310_180141.log,2001,3964,53,1982,18.75,28.5,tegrastats_20250310_180141.log,docker_stats_20250310_180141.log
2025-03-10 18:02:00,e2901ccd4d8f,40.58,60.48MiB,512MiB,7.56MB,63.6kB,79.4MB,0B,24,docker_stats_20250310_180141.log,389350273.0,194258254.0,perf_stat_20250310_180141.log,2013,3964,53,1982,23.5,29.0,tegrastats_20250310_180141.log,docker_stats_20250310_180141.log
2025-03-10 18:02:02,e2901ccd4d8f,40.96,62.65MiB,512MiB,7.56MB,63.8kB,79.4MB,0B,24,docker_stats_20250310_180141.log,418452285.0,226603411.0,perf_stat_20250310_180141.log,2004,3964,53,1982,26.0,28.5,tegrastats_20250310_180141.log,docker_stats_20250310_180141.log
2025-03-10 18:02:05,e2901ccd4d8f,41.93,62.9MiB,512MiB,7.6MB,64.3kB,79.4MB,0B,24,docker_stats_20250310_180141.log,389764772.0,203950210.0,perf_stat_20250310_180141.log,2004,3964,53,1982,24.25,28.5,tegrastats_20250310_180141.log,docker_stats_20250310_180141.log
2025-03-10 18:02:07,e2901ccd4d8f,40.52,65.82MiB,512MiB,7.6MB,64.4kB,79.4MB,0B,24,docker_stats_20250310_180141.log,394529935.0,232199050.0,perf_stat_20250310_180141.log,2006,3964,53,1982,22.5,28.5,tegrastats_20250310_180141.log,docker_stats_20250310_180141.log
2025-03-10 18:02:10,e2901ccd4d8f,39.87,69.11MiB,512MiB,7.6MB,64.5kB,79.4MB,0B,24,docker_stats_20250310_180141.log,391326949.0,292539349.0,perf_stat_20250310_180141.log,2010,3964,53,1982,21.75,28.5,tegrastats_20250310_180141.log,docker_stats_20250310_180141.log
2025-03-10 18:02:13,e2901ccd4d8f,40.04,71.47MiB,512MiB,7.6MB,64.5kB,79.4MB,0B,24,docker_stats_20250310_180141.log,462203418.0,268507197.0,perf_stat_20250310_180141.log,2027,3964,53,1982,33.25,28.5,tegrastats_20250310_180141.log,docker_stats_20250310_180141.log
2025-03-10 18:02:15,e2901ccd4d8f,40.26,71.47MiB,512MiB,7.6MB,64.5kB,79.4MB,0B,24,docker_stats_20250310_180141.log,459589733.0,254171053.0,perf_stat_20250310_180141.log,2014,3964,53,1982,28.0,28.5,tegrastats_20250310_180141.log,docker_stats_20250310_180141.log
2025-03-10 18:02:18,e2901ccd4d8f,40.45,71.52MiB,512MiB,7.65MB,65.2kB,79.4MB,0B,24,docker_stats_20250310_180141.log,479509786.0,269182574.0,perf_stat_20250310_180141.log,2027,3964,53,1982,33.25,28.5,tegrastats_20250310_180141.log,docker_stats_20250310_180141.log
2025-03-10 18:02:20,e2901ccd4d8f,0.0,0B,0B,0B,0B,0B,0B,0,docker_stats_20250310_180141.log,364008799.0,183444597.0,perf_stat_20250310_180141.log,1942,3964,53,1982,32.25,28.5,tegrastats_20250310_180141.log,docker_stats_20250310_180141.log
2025-03-10 18:02:22,e2901ccd4d8f,0.0,0B,0B,0B,0B,0B,0B,0,docker_stats_20250310_180141.log,364008799.0,183444597.0,perf_stat_20250310_180141.log,1944,3964,53,1982,12.0,28.0,tegrastats_20250310_180141.log,docker_stats_20250310_180141.log
2025-03-10 18:02:24,e2901ccd4d8f,0.0,0B,0B,0B,0B,0B,0B,0,docker_stats_20250310_180141.log,,,,1954,3964,53,1982,9.25,28.5,tegrastats_20250310_180141.log,docker_stats_20250310_180141.log
2025-03-10 18:02:25,e2901ccd4d8f,0.0,0B,0B,0B,0B,0B,0B,0,docker_stats_20250310_180141.log,,,,1943,3964,53,1982,8.25,28.5,tegrastats_20250310_180141.log,docker_stats_20250310_180141.log
2025-03-10 18:02:27,e2901ccd4d8f,0.0,0B,0B,0B,0B,0B,0B,0,docker_stats_20250310_180141.log,,,,1954,3964,53,1982,11.0,28.5,tegrastats_20250310_180141.log,docker_stats_20250310_180141.log
2025-03-10 18:02:28,e2901ccd4d8f,0.0,0B,0B,0B,0B,0B,0B,0,docker_stats_20250310_180141.log,,,,1944,3964,53,1982,11.5,28.5,tegrastats_20250310_180141.log,docker_stats_20250310_180141.log
2025-03-10 18:02:30,e2901ccd4d8f,0.0,0B,0B,0B,0B,0B,0B,0,docker_stats_20250310_180141.log,,,,1954,3964,53,1982,10.5,28.5,tegrastats_20250310_180141.log,docker_stats_20250310_180141.log
2025-03-10 18:02:32,e2901ccd4d8f,0.0,0B,0B,0B,0B,0B,0B,0,docker_stats_20250310_180141.log,,,,1944,3964,53,1982,10.75,28.5,tegrastats_20250310_180141.log,docker_stats_20250310_180141.log
2025-03-10 18:02:33,e2901ccd4d8f,0.0,0B,0B,0B,0B,0B,0B,0,docker_stats_20250310_180141.log,,,,1966,3964,53,1982,14.25,29.5,tegrastats_20250310_180141.log,docker_stats_20250310_180141.log
2025-03-10 18:02:35,e2901ccd4d8f,0.0,0B,0B,0B,0B,0B,0B,0,docker_stats_20250310_180141.log,,,,1954,3964,53,1982,10.25,28.5,tegrastats_20250310_180141.log,docker_stats_20250310_180141.log
2025-03-10 18:02:36,e2901ccd4d8f,0.0,0B,0B,0B,0B,0B,0B,0,docker_stats_20250310_180141.log,,,,1942,3964,53,1982,8.5,28.5,tegrastats_20250310_180141.log,docker_stats_20250310_180141.log
2025-03-10 18:02:38,e2901ccd4d8f,0.0,0B,0B,0B,0B,0B,0B,0,docker_stats_20250310_180141.log,,,,1956,3964,53,1982,11.25,28.5,tegrastats_20250310_180141.log,docker_stats_20250310_180141.log
2025-03-10 18:02:39,e2901ccd4d8f,0.0,0B,0B,0B,0B,0B,0B,0,docker_stats_20250310_180141.log,,,,1942,3964,53,1982,9.75,28.5,tegrastats_20250310_180141.log,docker_stats_20250310_180141.log
2025-03-10 18:02:41,e2901ccd4d8f,0.0,0B,0B,0B,0B,0B,0B,0,docker_stats_20250310_180141.log,,,,1945,3964,53,1982,10.75,28.5,tegrastats_20250310_180141.log,docker_stats_20250310_180141.log
2025-03-10 18:02:43,e2901ccd4d8f,0.0,0B,0B,0B,0B,0B,0B,0,docker_stats_20250310_180141.log,,,,1947,3964,53,1982,14.25,29.5,tegrastats_20250310_180141.log,docker_stats_20250310_180141.log
2025-03-10 18:02:44,e2901ccd4d8f,0.0,0B,0B,0B,0B,0B,0B,0,docker_stats_20250310_180141.log,,,,1947,3964,53,1982,9.5,28.0,tegrastats_20250310_180141.log,docker_stats_20250310_180141.log
2025-03-10 18:02:46,e2901ccd4d8f,0.0,0B,0B,0B,0B,0B,0B,0,docker_stats_20250310_180141.log,,,,1935,3964,53,1982,9.25,28.0,tegrastats_20250310_180141.log,docker_stats_20250310_180141.log
2025-03-10 18:02:47,e2901ccd4d8f,0.0,0B,0B,0B,0B,0B,0B,0,docker_stats_20250310_180141.log,,,,1935,3964,53,1982,11.0,28.0,tegrastats_20250310_180141.log,docker_stats_20250310_180141.log
2025-03-10 17:54:58,e09fd8a4305d,40.47,23.28MiB,512MiB,838B,0B,39.4MB,0B,10,docker_stats_20250310_175458.log,497233979.0,295566330.0,perf_stat_20250310_175457.log,1996,3964,53,1982,50.25,29.0,tegrastats_20250310_175458.log,docker_stats_20250310_175458.log
2025-03-10 17:55:01,e09fd8a4305d,42.82,30.77MiB,512MiB,2.16kB,0B,52.4MB,0B,10,docker_stats_20250310_175458.log,472587066.0,303257106.0,perf_stat_20250310_175457.log,1989,3964,53,1982,19.75,28.5,tegrastats_20250310_175458.log,docker_stats_20250310_175458.log
2025-03-10 17:55:03,e09fd8a4305d,43.79,34.46MiB,512MiB,2.36kB,0B,63.6MB,0B,10,docker_stats_20250310_175458.log,349797699.0,222548960.0,perf_stat_20250310_175457.log,1979,3964,53,1982,18.5,28.5,tegrastats_20250310_175458.log,docker_stats_20250310_175458.log
2025-03-10 17:55:06,e09fd8a4305d,33.98,38.99MiB,512MiB,2.36kB,0B,70.6MB,0B,10,docker_stats_20250310_175458.log,430103305.0,260381676.0,perf_stat_20250310_175457.log,1997,3964,53,1982,16.75,28.5,tegrastats_20250310_175458.log,docker_stats_20250310_175458.log
2025-03-10 17:55:09,e09fd8a4305d,33.77,55.17MiB,512MiB,4.07MB,19.9kB,70.7MB,0B,16,docker_stats_20250310_175458.log,267199236.0,52588458.0,perf_stat_20250310_175457.log,2009,3964,53,1982,18.0,28.0,tegrastats_20250310_175458.log,docker_stats_20250310_175458.log
2025-03-10 17:55:11,e09fd8a4305d,41.09,64.09MiB,512MiB,4.07MB,19.9kB,70.7MB,0B,16,docker_stats_20250310_175458.log,469795335.0,284739874.0,perf_stat_20250310_175457.log,2013,3964,53,1982,16.75,28.5,tegrastats_20250310_175458.log,docker_stats_20250310_175458.log
2025-03-10 17:55:14,e09fd8a4305d,40.04,73.38MiB,512MiB,5.4MB,35.4kB,78.3MB,0B,30,docker_stats_20250310_175458.log,445150982.0,,perf_stat_20250310_175457.log,2021,3964,53,1982,24.25,28.0,tegrastats_20250310_175458.log,docker_stats_20250310_175458.log
2025-03-10 17:55:16,e09fd8a4305d,40.79,75.65MiB,512MiB,5.4MB,35.4kB,78.3MB,0B,30,docker_stats_20250310_175458.log,449311278.0,256736577.0,perf_stat_20250310_175457.log,2023,3964,53,1982,26.0,28.5,tegrastats_20250310_175458.log,docker_stats_20250310_175458.log
2025-03-10 17:55:19,e09fd8a4305d,40.56,75.98MiB,512MiB,5.4MB,35.4kB,78.3MB,0B,30,docker_stats_20250310_175458.log,467193938.0,269530866.0,perf_stat_20250310_175457.log,2026,3964,53,1982,26.0,28.5,tegrastats_20250310_175458.log,docker_stats_20250310_175458.log
2025-03-10 17:55:21,e09fd8a4305d,0.43,79.8MiB,512MiB,5.41MB,41.3kB,78.3MB,0B,30,docker_stats_20250310_175458.log,118297688.0,307036559.0,perf_stat_20250310_175457.log,2020,3964,53,1982,16.75,28.5,tegrastats_20250310_175458.log,docker_stats_20250310_175458.log
2025-03-10 17:55:24,e09fd8a4305d,0.43,79.8MiB,512MiB,5.41MB,41.3kB,78.3MB,0B,30,docker_stats_20250310_175458.log,2736841.0,875290.0,perf_stat_20250310_175457.log,2020,3964,53,1982,9.25,28.0,tegrastats_20250310_175458.log,docker_stats_20250310_175458.log
2025-03-10 17:55:27,e09fd8a4305d,0.38,79.8MiB,512MiB,5.41MB,41.3kB,78.3MB,0B,30,docker_stats_20250310_175458.log,757718.0,233378.0,perf_stat_20250310_175457.log,2019,3964,53,1982,9.0,27.5,tegrastats_20250310_175458.log,docker_stats_20250310_175458.log
2025-03-10 17:55:29,e09fd8a4305d,0.3,79.8MiB,512MiB,5.41MB,41.3kB,78.3MB,0B,30,docker_stats_20250310_175458.log,1034787.0,264617.0,perf_stat_20250310_175457.log,2020,3964,53,1982,11.25,28.5,tegrastats_20250310_175458.log,docker_stats_20250310_175458.log
2025-03-10 17:55:32,e09fd8a4305d,0.49,79.8MiB,512MiB,5.41MB,41.3kB,78.3MB,0B,30,docker_stats_20250310_175458.log,784815.0,250981.0,perf_stat_20250310_175457.log,2019,3964,53,1982,8.5,27.5,tegrastats_20250310_175458.log,docker_stats_20250310_175458.log
2025-03-10 17:55:35,e09fd8a4305d,0.42,79.8MiB,512MiB,5.41MB,41.3kB,78.3MB,0B,30,docker_stats_20250310_175458.log,1250913.0,188781.0,perf_stat_20250310_175457.log,2031,3964,53,1982,10.25,28.0,tegrastats_20250310_175458.log,docker_stats_20250310_175458.log
2025-03-10 17:55:37,e09fd8a4305d,0.59,79.8MiB,512MiB,5.41MB,41.3kB,78.3MB,0B,30,docker_stats_20250310_175458.log,599548.0,135837.0,perf_stat_20250310_175457.log,2020,3964,53,1982,6.0,28.0,tegrastats_20250310_175458.log,docker_stats_20250310_175458.log
2025-03-10 17:55:40,e09fd8a4305d,0.41,79.8MiB,512MiB,5.41MB,41.3kB,78.3MB,0B,30,docker_stats_20250310_175458.log,713997.0,185119.0,perf_stat_20250310_175457.log,2030,3964,53,1982,7.75,28.5,tegrastats_20250310_175458.log,docker_stats_20250310_175458.log
2025-03-10 17:55:42,e09fd8a4305d,0.49,79.8MiB,512MiB,5.41MB,41.3kB,78.3MB,0B,30,docker_stats_20250310_175458.log,754285.0,219170.0,perf_stat_20250310_175457.log,2019,3964,53,1982,8.0,28.0,tegrastats_20250310_175458.log,docker_stats_20250310_175458.log
2025-03-10 17:55:45,e09fd8a4305d,0.46,79.8MiB,512MiB,5.41MB,41.3kB,78.3MB,0B,30,docker_stats_20250310_175458.log,784376.0,217125.0,perf_stat_20250310_175457.log,2019,3964,53,1982,10.25,27.5,tegrastats_20250310_175458.log,docker_stats_20250310_175458.log
2025-03-10 17:55:48,e09fd8a4305d,0.5,79.8MiB,512MiB,5.41MB,41.3kB,78.3MB,0B,30,docker_stats_20250310_175458.log,1240816.0,332959.0,perf_stat_20250310_175457.log,2032,3964,53,1982,12.25,27.5,tegrastats_20250310_175458.log,docker_stats_20250310_175458.log
2025-03-10 17:55:50,e09fd8a4305d,0.36,79.8MiB,512MiB,5.41MB,41.3kB,78.3MB,0B,30,docker_stats_20250310_175458.log,912402.0,253895.0,perf_stat_20250310_175457.log,2019,3964,53,1982,11.0,27.5,tegrastats_20250310_175458.log,docker_stats_20250310_175458.log
2025-03-10 17:55:53,e09fd8a4305d,0.47,79.8MiB,512MiB,5.41MB,41.3kB,78.3MB,0B,30,docker_stats_20250310_175458.log,804482.0,206264.0,perf_stat_20250310_175457.log,2030,3964,53,1982,9.0,27.5,tegrastats_20250310_175458.log,docker_stats_20250310_175458.log
2025-03-10 17:55:56,e09fd8a4305d,0.62,79.8MiB,512MiB,5.41MB,41.3kB,78.3MB,0B,30,docker_stats_20250310_175458.log,864369.0,212470.0,perf_stat_20250310_175457.log,2031,3964,53,1982,10.0,28.0,tegrastats_20250310_175458.log,docker_stats_20250310_175458.log
2025-03-10 17:55:58,e09fd8a4305d,0.31,79.8MiB,512MiB,5.41MB,41.3kB,78.3MB,0B,21,docker_stats_20250310_175458.log,859988.0,250885.0,perf_stat_20250310_175457.log,2024,3964,53,1982,10.5,28.5,tegrastats_20250310_175458.log,docker_stats_20250310_175458.log
2025-03-10 18:19:45,7439f6152c21,40.77,17.48MiB,512MiB,838B,0B,38.9MB,0B,10,docker_stats_20250310_181945.log,489646589.0,263752171.0,perf_stat_20250310_181945.log,1988,3964,53,1982,53.0,29.5,tegrastats_20250310_181945.log,docker_stats_20250310_181945.log
2025-03-10 18:19:47,7439f6152c21,40.71,26.48MiB,512MiB,2.16kB,0B,46.6MB,0B,10,docker_stats_20250310_181945.log,387528164.0,213875345.0,perf_stat_20250310_181945.log,1984,3964,53,1982,19.5,28.5,tegrastats_20250310_181945.log,docker_stats_20250310_181945.log
2025-03-10 18:19:50,7439f6152c21,39.74,31.79MiB,512MiB,2.36kB,0B,63.5MB,0B,10,docker_stats_20250310_181945.log,359428031.0,212577158.0,perf_stat_20250310_181945.log,1990,3964,53,1982,16.25,28.5,tegrastats_20250310_181945.log,docker_stats_20250310_181945.log
2025-03-10 18:19:52,7439f6152c21,39.93,36.33MiB,512MiB,2.36kB,0B,67.1MB,0B,10,docker_stats_20250310_181945.log,341313879.0,203100172.0,perf_stat_20250310_181945.log,1996,3964,53,1982,16.5,28.5,tegrastats_20250310_181945.log,docker_stats_20250310_181945.log
2025-03-10 18:19:55,7439f6152c21,16.61,38.07MiB,512MiB,3.76MB,16.9kB,70.6MB,0B,16,docker_stats_20250310_181945.log,96990935.0,48729905.0,perf_stat_20250310_181945.log,1998,3964,53,1982,8.0,28.0,tegrastats_20250310_181945.log,docker_stats_20250310_181945.log
2025-03-10 18:19:58,7439f6152c21,40.59,48.7MiB,512MiB,4.07MB,17.3kB,70.7MB,0B,16,docker_stats_20250310_181945.log,509657181.0,290748183.0,perf_stat_20250310_181945.log,2016,3964,53,1982,24.0,28.5,tegrastats_20250310_181945.log,docker_stats_20250310_181945.log
2025-03-10 18:20:00,7439f6152c21,40.63,57.35MiB,512MiB,4.82MB,28.7kB,78.5MB,0B,24,docker_stats_20250310_181945.log,414717485.0,218742865.0,perf_stat_20250310_181945.log,2010,3964,53,1982,19.0,28.5,tegrastats_20250310_181945.log,docker_stats_20250310_181945.log
2025-03-10 18:20:03,7439f6152c21,40.35,57.79MiB,512MiB,6.18MB,47.6kB,78.5MB,0B,24,docker_stats_20250310_181945.log,387518637.0,200017211.0,perf_stat_20250310_181945.log,2024,3964,53,1982,21.25,28.5,tegrastats_20250310_181945.log,docker_stats_20250310_181945.log
2025-03-10 18:20:05,7439f6152c21,39.15,61.76MiB,512MiB,7.75MB,54.7kB,78.5MB,0B,24,docker_stats_20250310_181945.log,377328676.0,179447830.0,perf_stat_20250310_181945.log,2014,3964,53,1982,20.5,28.5,tegrastats_20250310_181945.log,docker_stats_20250310_181945.log
2025-03-10 18:20:08,7439f6152c21,40.23,64.78MiB,512MiB,7.75MB,54.7kB,78.5MB,0B,24,docker_stats_20250310_181945.log,470777076.0,244750701.0,perf_stat_20250310_181945.log,2039,3964,53,1982,28.25,29.5,tegrastats_20250310_181945.log,docker_stats_20250310_181945.log
2025-03-10 18:20:11,7439f6152c21,39.98,65.05MiB,512MiB,7.75MB,54.7kB,78.5MB,0B,24,docker_stats_20250310_181945.log,399073563.0,220160250.0,perf_stat_20250310_181945.log,2036,3964,53,1982,23.5,28.5,tegrastats_20250310_181945.log,docker_stats_20250310_181945.log
2025-03-10 18:20:13,7439f6152c21,39.83,66.38MiB,512MiB,7.75MB,54.7kB,78.5MB,0B,24,docker_stats_20250310_181945.log,402160159.0,292518850.0,perf_stat_20250310_181945.log,2024,3964,53,1982,22.0,29.0,tegrastats_20250310_181945.log,docker_stats_20250310_181945.log
2025-03-10 18:20:16,7439f6152c21,40.78,65.8MiB,512MiB,7.75MB,54.7kB,78.5MB,0B,24,docker_stats_20250310_181945.log,415689209.0,231294482.0,perf_stat_20250310_181945.log,2037,3964,53,1982,26.5,28.5,tegrastats_20250310_181945.log,docker_stats_20250310_181945.log
2025-03-10 18:20:18,7439f6152c21,41.07,68.29MiB,512MiB,7.75MB,54.7kB,78.5MB,0B,24,docker_stats_20250310_181945.log,454186450.0,296755832.0,perf_stat_20250310_181945.log,2027,3964,53,1982,24.5,28.5,tegrastats_20250310_181945.log,docker_stats_20250310_181945.log
2025-03-10 18:20:21,7439f6152c21,0.0,0B,0B,0B,0B,0B,0B,0,docker_stats_20250310_181945.log,485294983.0,249115868.0,perf_stat_20250310_181945.log,2038,3964,53,1982,33.0,29.0,tegrastats_20250310_181945.log,docker_stats_20250310_181945.log
2025-03-10 18:20:24,7439f6152c21,0.0,0B,0B,0B,0B,0B,0B,0,docker_stats_20250310_181945.log,2384401.0,1027630.0,perf_stat_20250310_181945.log,1958,3964,53,1982,9.0,28.5,tegrastats_20250310_181945.log,docker_stats_20250310_181945.log
2025-03-10 18:20:25,7439f6152c21,0.0,0B,0B,0B,0B,0B,0B,0,docker_stats_20250310_181945.log,,,,1971,3964,53,1982,7.75,29.0,tegrastats_20250310_181945.log,docker_stats_20250310_181945.log
2025-03-10 18:20:27,7439f6152c21,0.0,0B,0B,0B,0B,0B,0B,0,docker_stats_20250310_181945.log,,,,1972,3964,53,1982,9.0,28.0,tegrastats_20250310_181945.log,docker_stats_20250310_181945.log
2025-03-10 18:20:28,7439f6152c21,0.0,0B,0B,0B,0B,0B,0B,0,docker_stats_20250310_181945.log,,,,1958,3964,53,1982,13.25,28.5,tegrastats_20250310_181945.log,docker_stats_20250310_181945.log
2025-03-10 18:20:30,7439f6152c21,0.0,0B,0B,0B,0B,0B,0B,0,docker_stats_20250310_181945.log,,,,1968,3964,53,1982,7.5,28.5,tegrastats_20250310_181945.log,docker_stats_20250310_181945.log
2025-03-10 18:20:31,7439f6152c21,0.0,0B,0B,0B,0B,0B,0B,0,docker_stats_20250310_181945.log,,,,1960,3964,53,1982,8.75,28.0,tegrastats_20250310_181945.log,docker_stats_20250310_181945.log
2025-03-10 18:20:33,7439f6152c21,0.0,0B,0B,0B,0B,0B,0B,0,docker_stats_20250310_181945.log,,,,1967,3964,53,1982,8.75,28.5,tegrastats_20250310_181945.log,docker_stats_20250310_181945.log
2025-03-10 18:20:35,7439f6152c21,0.0,0B,0B,0B,0B,0B,0B,0,docker_stats_20250310_181945.log,,,,1957,3964,53,1982,11.25,28.5,tegrastats_20250310_181945.log,docker_stats_20250310_181945.log
2025-03-10 18:20:36,7439f6152c21,0.0,0B,0B,0B,0B,0B,0B,0,docker_stats_20250310_181945.log,,,,1971,3964,53,1982,9.75,28.5,tegrastats_20250310_181945.log,docker_stats_20250310_181945.log
2025-03-10 18:20:38,7439f6152c21,0.0,0B,0B,0B,0B,0B,0B,0,docker_stats_20250310_181945.log,,,,1958,3964,53,1982,10.25,28.5,tegrastats_20250310_181945.log,docker_stats_20250310_181945.log
2025-03-10 18:20:39,7439f6152c21,0.0,0B,0B,0B,0B,0B,0B,0,docker_stats_20250310_181945.log,,,,1958,3964,53,1982,10.25,28.5,tegrastats_20250310_181945.log,docker_stats_20250310_181945.log
2025-03-10 18:20:41,7439f6152c21,0.0,0B,0B,0B,0B,0B,0B,0,docker_stats_20250310_181945.log,,,,1960,3964,53,1982,7.25,28.5,tegrastats_20250310_181945.log,docker_stats_20250310_181945.log
2025-03-10 18:20:43,7439f6152c21,0.0,0B,0B,0B,0B,0B,0B,0,docker_stats_20250310_181945.log,,,,1959,3964,53,1982,9.5,28.5,tegrastats_20250310_181945.log,docker_stats_20250310_181945.log
2025-03-10 18:20:44,7439f6152c21,0.0,0B,0B,0B,0B,0B,0B,0,docker_stats_20250310_181945.log,,,,1958,3964,53,1982,8.0,28.5,tegrastats_20250310_181945.log,docker_stats_20250310_181945.log
2025-03-10 18:20:46,7439f6152c21,0.0,0B,0B,0B,0B,0B,0B,0,docker_stats_20250310_181945.log,,,,1954,3964,53,1982,9.25,28.5,tegrastats_20250310_181945.log,docker_stats_20250310_181945.log
2025-03-10 18:04:50,bf42f3062bf9,40.4,23.16MiB,512MiB,1.17kB,0B,39.4MB,0B,10,docker_stats_20250310_180450.log,355269080.0,203463580.0,perf_stat_20250310_180451.log,1982,3964,53,1982,42.5,29.5,tegrastats_20250310_180450.log,docker_stats_20250310_180450.log
2025-03-10 18:04:52,bf42f3062bf9,40.15,31.04MiB,512MiB,2.16kB,0B,49.5MB,0B,10,docker_stats_20250310_180450.log,355269080.0,203463580.0,perf_stat_20250310_180451.log,1976,3964,53,1982,17.0,29.0,tegrastats_20250310_180450.log,docker_stats_20250310_180450.log
2025-03-10 18:04:55,bf42f3062bf9,39.85,36.49MiB,512MiB,2.36kB,0B,63.6MB,0B,10,docker_stats_20250310_180450.log,348745128.0,207071435.0,perf_stat_20250310_180451.log,1986,3964,53,1982,19.0,29.0,tegrastats_20250310_180450.log,docker_stats_20250310_180450.log
2025-03-10 18:04:58,bf42f3062bf9,39.61,40.85MiB,512MiB,2.36kB,0B,70.4MB,0B,10,docker_stats_20250310_180450.log,361397343.0,205196088.0,perf_stat_20250310_180451.log,1999,3964,53,1982,19.5,28.5,tegrastats_20250310_180450.log,docker_stats_20250310_180450.log
2025-03-10 18:05:00,bf42f3062bf9,28.02,45.11MiB,512MiB,4.07MB,21.5kB,70.7MB,0B,16,docker_stats_20250310_180450.log,38837228.0,20764639.0,perf_stat_20250310_180451.log,2008,3964,53,1982,17.0,29.5,tegrastats_20250310_180450.log,docker_stats_20250310_180450.log
2025-03-10 18:05:03,bf42f3062bf9,40.2,54.68MiB,512MiB,4.07MB,21.5kB,70.7MB,0B,16,docker_stats_20250310_180450.log,395550052.0,223594460.0,perf_stat_20250310_180451.log,2009,3964,53,1982,16.5,29.0,tegrastats_20250310_180450.log,docker_stats_20250310_180450.log
2025-03-10 18:05:05,bf42f3062bf9,40.97,61.36MiB,512MiB,5.93MB,41kB,78.3MB,0B,25,docker_stats_20250310_180450.log,367136260.0,189505296.0,perf_stat_20250310_180451.log,2006,3964,53,1982,20.25,29.0,tegrastats_20250310_180450.log,docker_stats_20250310_180450.log
2025-03-10 18:05:08,bf42f3062bf9,40.52,62.11MiB,512MiB,5.93MB,45.7kB,78.3MB,0B,25,docker_stats_20250310_180450.log,378034130.0,198101945.0,perf_stat_20250310_180451.log,2015,3964,53,1982,22.5,29.5,tegrastats_20250310_180450.log,docker_stats_20250310_180450.log
2025-03-10 18:05:11,bf42f3062bf9,40.68,62.52MiB,512MiB,5.93MB,45.7kB,78.3MB,0B,25,docker_stats_20250310_180450.log,496909645.0,265487591.0,perf_stat_20250310_180451.log,2019,3964,53,1982,30.75,29.5,tegrastats_20250310_180450.log,docker_stats_20250310_180450.log
2025-03-10 18:05:13,bf42f3062bf9,40.12,66.37MiB,512MiB,5.93MB,45.7kB,78.3MB,0B,25,docker_stats_20250310_180450.log,444534498.0,235898462.0,perf_stat_20250310_180451.log,2007,3964,53,1982,28.25,29.0,tegrastats_20250310_180450.log,docker_stats_20250310_180450.log
2025-03-10 18:05:16,bf42f3062bf9,40.61,69.16MiB,512MiB,5.93MB,45.7kB,78.3MB,0B,25,docker_stats_20250310_180450.log,344280222.0,268757880.0,perf_stat_20250310_180451.log,2026,3964,53,1982,23.75,29.0,tegrastats_20250310_180450.log,docker_stats_20250310_180450.log
2025-03-10 18:05:18,bf42f3062bf9,40.75,70.53MiB,512MiB,5.93MB,45.7kB,78.3MB,0B,25,docker_stats_20250310_180450.log,472161122.0,245833828.0,perf_stat_20250310_180451.log,2014,3964,53,1982,24.5,29.5,tegrastats_20250310_180450.log,docker_stats_20250310_180450.log
2025-03-10 18:05:21,bf42f3062bf9,0.0,0B,0B,0B,0B,0B,0B,0,docker_stats_20250310_180450.log,376277976.0,204030924.0,perf_stat_20250310_180451.log,1956,3964,53,1982,34.5,29.0,tegrastats_20250310_180450.log,docker_stats_20250310_180450.log
2025-03-10 18:05:22,bf42f3062bf9,0.0,0B,0B,0B,0B,0B,0B,0,docker_stats_20250310_180450.log,376277976.0,204030924.0,perf_stat_20250310_180451.log,1944,3964,53,1982,7.75,28.5,tegrastats_20250310_180450.log,docker_stats_20250310_180450.log
2025-03-10 18:05:24,bf42f3062bf9,0.0,0B,0B,0B,0B,0B,0B,0,docker_stats_20250310_180450.log,,,,1955,3964,53,1982,8.75,28.5,tegrastats_20250310_180450.log,docker_stats_20250310_180450.log
2025-03-10 18:05:26,bf42f3062bf9,0.0,0B,0B,0B,0B,0B,0B,0,docker_stats_20250310_180450.log,,,,1945,3964,53,1982,10.0,29.0,tegrastats_20250310_180450.log,docker_stats_20250310_180450.log
2025-03-10 18:05:27,bf42f3062bf9,0.0,0B,0B,0B,0B,0B,0B,0,docker_stats_20250310_180450.log,,,,1954,3964,53,1982,10.5,28.5,tegrastats_20250310_180450.log,docker_stats_20250310_180450.log
2025-03-10 18:05:29,bf42f3062bf9,0.0,0B,0B,0B,0B,0B,0B,0,docker_stats_20250310_180450.log,,,,1953,3964,53,1982,8.75,28.5,tegrastats_20250310_180450.log,docker_stats_20250310_180450.log
2025-03-10 18:05:30,bf42f3062bf9,0.0,0B,0B,0B,0B,0B,0B,0,docker_stats_20250310_180450.log,,,,1945,3964,53,1982,10.25,29.0,tegrastats_20250310_180450.log,docker_stats_20250310_180450.log
2025-03-10 18:05:32,bf42f3062bf9,0.0,0B,0B,0B,0B,0B,0B,0,docker_stats_20250310_180450.log,,,,1955,3964,53,1982,9.0,28.5,tegrastats_20250310_180450.log,docker_stats_20250310_180450.log
2025-03-10 18:05:34,bf42f3062bf9,0.0,0B,0B,0B,0B,0B,0B,0,docker_stats_20250310_180450.log,,,,1944,3964,53,1982,10.25,28.5,tegrastats_20250310_180450.log,docker_stats_20250310_180450.log
2025-03-10 18:05:35,bf42f3062bf9,0.0,0B,0B,0B,0B,0B,0B,0,docker_stats_20250310_180450.log,,,,1955,3964,53,1982,11.0,29.0,tegrastats_20250310_180450.log,docker_stats_20250310_180450.log
2025-03-10 18:05:37,bf42f3062bf9,0.0,0B,0B,0B,0B,0B,0B,0,docker_stats_20250310_180450.log,,,,1945,3964,53,1982,7.0,28.5,tegrastats_20250310_180450.log,docker_stats_20250310_180450.log
2025-03-10 18:05:38,bf42f3062bf9,0.0,0B,0B,0B,0B,0B,0B,0,docker_stats_20250310_180450.log,,,,1944,3964,53,1982,10.25,28.5,tegrastats_20250310_180450.log,docker_stats_20250310_180450.log
2025-03-10 18:05:40,bf42f3062bf9,0.0,0B,0B,0B,0B,0B,0B,0,docker_stats_20250310_180450.log,,,,1944,3964,53,1982,8.0,28.5,tegrastats_20250310_180450.log,docker_stats_20250310_180450.log
2025-03-10 18:05:42,bf42f3062bf9,0.0,0B,0B,0B,0B,0B,0B,0,docker_stats_20250310_180450.log,,,,1957,3964,53,1982,15.5,29.0,tegrastats_20250310_180450.log,docker_stats_20250310_180450.log
2025-03-10 18:05:43,bf42f3062bf9,0.0,0B,0B,0B,0B,0B,0B,0,docker_stats_20250310_180450.log,,,,1944,3964,53,1982,7.75,28.5,tegrastats_20250310_180450.log,docker_stats_20250310_180450.log
2025-03-10 18:05:45,bf42f3062bf9,0.0,0B,0B,0B,0B,0B,0B,0,docker_stats_20250310_180450.log,,,,1945,3964,53,1982,8.5,29.0,tegrastats_20250310_180450.log,docker_stats_20250310_180450.log
2025-03-10 18:05:46,bf42f3062bf9,0.0,0B,0B,0B,0B,0B,0B,0,docker_stats_20250310_180450.log,,,,1946,3964,53,1982,10.25,28.5,tegrastats_20250310_180450.log,docker_stats_20250310_180450.log
2025-03-10 18:05:48,bf42f3062bf9,0.0,0B,0B,0B,0B,0B,0B,0,docker_stats_20250310_180450.log,,,,1944,3964,53,1982,9.75,28.5,tegrastats_20250310_180450.log,docker_stats_20250310_180450.log
2025-03-10 18:05:50,bf42f3062bf9,0.0,0B,0B,0B,0B,0B,0B,0,docker_stats_20250310_180450.log,,,,1955,3964,53,1982,9.5,28.5,tegrastats_20250310_180450.log,docker_stats_20250310_180450.log
2025-03-10 18:05:51,bf42f3062bf9,0.0,0B,0B,0B,0B,0B,0B,0,docker_stats_20250310_180450.log,,,,1944,3964,53,1982,9.5,28.5,tegrastats_20250310_180450.log,docker_stats_20250310_180450.log
2025-03-10 18:16:36,62cd9cce609e,40.46,19.43MiB,512MiB,1.53kB,0B,39.4MB,0B,10,docker_stats_20250310_181636.log,386892628.0,224688335.0,perf_stat_20250310_181637.log,1997,3964,53,1982,36.75,28.5,tegrastats_20250310_181636.log,docker_stats_20250310_181636.log
2025-03-10 18:16:39,62cd9cce609e,40.25,28.15MiB,512MiB,2.16kB,0B,51.8MB,0B,10,docker_stats_20250310_181636.log,394957094.0,239454490.0,perf_stat_20250310_181637.log,2010,3964,53,1982,18.25,28.5,tegrastats_20250310_181636.log,docker_stats_20250310_181636.log
2025-03-10 18:16:42,62cd9cce609e,40.48,33.24MiB,512MiB,2.36kB,0B,63.6MB,0B,10,docker_stats_20250310_181636.log,460013181.0,267295051.0,perf_stat_20250310_181637.log,2017,3964,53,1982,21.75,29.0,tegrastats_20250310_181636.log,docker_stats_20250310_181636.log
2025-03-10 18:16:44,62cd9cce609e,29.36,36.48MiB,512MiB,2.36kB,0B,70.6MB,0B,10,docker_stats_20250310_181636.log,349666678.0,202196437.0,perf_stat_20250310_181637.log,2001,3964,53,1982,19.25,28.0,tegrastats_20250310_181636.log,docker_stats_20250310_181636.log
2025-03-10 18:16:47,62cd9cce609e,38.55,44.71MiB,512MiB,4.08MB,21kB,70.7MB,0B,16,docker_stats_20250310_181636.log,220873231.0,142424175.0,perf_stat_20250310_181637.log,2008,3964,53,1982,12.5,28.5,tegrastats_20250310_181636.log,docker_stats_20250310_181636.log
2025-03-10 18:16:49,62cd9cce609e,40.41,58MiB,512MiB,4.34MB,21.8kB,75.5MB,0B,28,docker_stats_20250310_181636.log,471995152.0,282274502.0,perf_stat_20250310_181637.log,2014,3964,53,1982,16.0,28.0,tegrastats_20250310_181636.log,docker_stats_20250310_181636.log
2025-03-10 18:16:52,62cd9cce609e,40.68,61.84MiB,512MiB,5.14MB,40kB,78.5MB,0B,22,docker_stats_20250310_181636.log,501293684.0,232097790.0,perf_stat_20250310_181637.log,2024,3964,53,1982,18.25,28.5,tegrastats_20250310_181636.log,docker_stats_20250310_181636.log
2025-03-10 18:16:55,62cd9cce609e,40.33,61.95MiB,512MiB,7.76MB,59.2kB,78.5MB,0B,22,docker_stats_20250310_181636.log,407790708.0,227054407.0,perf_stat_20250310_181637.log,2032,3964,53,1982,23.25,29.5,tegrastats_20250310_181636.log,docker_stats_20250310_181636.log
2025-03-10 18:16:57,62cd9cce609e,40.03,64.19MiB,512MiB,8.81MB,62.5kB,78.5MB,0B,22,docker_stats_20250310_181636.log,359260697.0,190583002.0,perf_stat_20250310_181637.log,2027,3964,53,1982,20.25,28.5,tegrastats_20250310_181636.log,docker_stats_20250310_181636.log
2025-03-10 18:17:00,62cd9cce609e,40.64,64.35MiB,512MiB,8.81MB,62.5kB,78.5MB,0B,22,docker_stats_20250310_181636.log,517088046.0,276624540.0,perf_stat_20250310_181637.log,2029,3964,53,1982,25.75,29.0,tegrastats_20250310_181636.log,docker_stats_20250310_181636.log
2025-03-10 18:17:02,62cd9cce609e,40.16,69.2MiB,512MiB,8.81MB,62.5kB,78.5MB,0B,22,docker_stats_20250310_181636.log,509796702.0,358214158.0,perf_stat_20250310_181637.log,2034,3964,53,1982,30.25,28.5,tegrastats_20250310_181636.log,docker_stats_20250310_181636.log
2025-03-10 18:17:05,62cd9cce609e,39.79,69.75MiB,512MiB,8.81MB,62.5kB,78.5MB,0B,22,docker_stats_20250310_181636.log,415485056.0,294089201.0,perf_stat_20250310_181637.log,2034,3964,53,1982,24.0,29.0,tegrastats_20250310_181636.log,docker_stats_20250310_181636.log
2025-03-10 18:17:08,62cd9cce609e,41.71,69.81MiB,512MiB,8.81MB,76.9kB,78.5MB,0B,22,docker_stats_20250310_181636.log,550810665.0,300189009.0,perf_stat_20250310_181637.log,2047,3964,53,1982,38.25,29.5,tegrastats_20250310_181636.log,docker_stats_20250310_181636.log
2025-03-10 18:17:10,62cd9cce609e,0.0,0B,0B,0B,0B,0B,0B,0,docker_stats_20250310_181636.log,297604179.0,153119477.0,perf_stat_20250310_181637.log,1962,3964,53,1982,22.75,28.5,tegrastats_20250310_181636.log,docker_stats_20250310_181636.log
2025-03-10 18:17:12,62cd9cce609e,0.0,0B,0B,0B,0B,0B,0B,0,docker_stats_20250310_181636.log,,,,1968,3964,53,1982,7.75,28.5,tegrastats_20250310_181636.log,docker_stats_20250310_181636.log
2025-03-10 18:17:13,62cd9cce609e,0.0,0B,0B,0B,0B,0B,0B,0,docker_stats_20250310_181636.log,,,,1964,3964,53,1982,15.75,28.5,tegrastats_20250310_181636.log,docker_stats_20250310_181636.log
2025-03-10 18:17:15,62cd9cce609e,0.0,0B,0B,0B,0B,0B,0B,0,docker_stats_20250310_181636.log,,,,1963,3964,53,1982,8.25,28.0,tegrastats_20250310_181636.log,docker_stats_20250310_181636.log
2025-03-10 18:17:17,62cd9cce609e,0.0,0B,0B,0B,0B,0B,0B,0,docker_stats_20250310_181636.log,,,,1972,3964,53,1982,8.0,28.0,tegrastats_20250310_181636.log,docker_stats_20250310_181636.log
2025-03-10 18:17:18,62cd9cce609e,0.0,0B,0B,0B,0B,0B,0B,0,docker_stats_20250310_181636.log,,,,1964,3964,53,1982,11.25,28.0,tegrastats_20250310_181636.log,docker_stats_20250310_181636.log
2025-03-10 18:17:20,62cd9cce609e,0.0,0B,0B,0B,0B,0B,0B,0,docker_stats_20250310_181636.log,,,,1974,3964,53,1982,10.75,28.5,tegrastats_20250310_181636.log,docker_stats_20250310_181636.log
2025-03-10 18:17:21,62cd9cce609e,0.0,0B,0B,0B,0B,0B,0B,0,docker_stats_20250310_181636.log,,,,1963,3964,53,1982,9.5,28.5,tegrastats_20250310_181636.log,docker_stats_20250310_181636.log
2025-03-10 18:17:23,62cd9cce609e,0.0,0B,0B,0B,0B,0B,0B,0,docker_stats_20250310_181636.log,,,,1975,3964,53,1982,16.25,28.5,tegrastats_20250310_181636.log,docker_stats_20250310_181636.log
2025-03-10 18:17:25,62cd9cce609e,0.0,0B,0B,0B,0B,0B,0B,0,docker_stats_20250310_181636.log,,,,1964,3964,53,1982,11.0,28.0,tegrastats_20250310_181636.log,docker_stats_20250310_181636.log
2025-03-10 18:17:26,62cd9cce609e,0.0,0B,0B,0B,0B,0B,0B,0,docker_stats_20250310_181636.log,,,,1963,3964,53,1982,8.0,28.0,tegrastats_20250310_181636.log,docker_stats_20250310_181636.log
2025-03-10 18:17:28,62cd9cce609e,0.0,0B,0B,0B,0B,0B,0B,0,docker_stats_20250310_181636.log,,,,1975,3964,53,1982,11.75,28.5,tegrastats_20250310_181636.log,docker_stats_20250310_181636.log
2025-03-10 18:17:29,62cd9cce609e,0.0,0B,0B,0B,0B,0B,0B,0,docker_stats_20250310_181636.log,,,,1964,3964,53,1982,6.75,28.5,tegrastats_20250310_181636.log,docker_stats_20250310_181636.log
2025-03-10 18:17:31,62cd9cce609e,0.0,0B,0B,0B,0B,0B,0B,0,docker_stats_20250310_181636.log,,,,1976,3964,53,1982,9.0,28.0,tegrastats_20250310_181636.log,docker_stats_20250310_181636.log
2025-03-10 18:17:33,62cd9cce609e,0.0,0B,0B,0B,0B,0B,0B,0,docker_stats_20250310_181636.log,,,,1965,3964,53,1982,16.75,28.5,tegrastats_20250310_181636.log,docker_stats_20250310_181636.log
2025-03-10 18:17:34,62cd9cce609e,0.0,0B,0B,0B,0B,0B,0B,0,docker_stats_20250310_181636.log,,,,1974,3964,53,1982,10.5,28.5,tegrastats_20250310_181636.log,docker_stats_20250310_181636.log
2025-03-10 18:17:36,62cd9cce609e,0.0,0B,0B,0B,0B,0B,0B,0,docker_stats_20250310_181636.log,,,,1964,3964,53,1982,9.25,28.5,tegrastats_20250310_181636.log,docker_stats_20250310_181636.log
2025-03-10 18:17:37,62cd9cce609e,0.0,0B,0B,0B,0B,0B,0B,0,docker_stats_20250310_181636.log,,,,1974,3964,53,1982,10.0,28.5,tegrastats_20250310_181636.log,docker_stats_20250310_181636.log
2025-03-10 18:17:39,62cd9cce609e,0.0,0B,0B,0B,0B,0B,0B,0,docker_stats_20250310_181636.log,,,,1973,3964,53,1982,9.0,28.5,tegrastats_20250310_181636.log,docker_stats_20250310_181636.log
2025-03-10 18:12:57,b44356d46825,40.32,22.95MiB,512MiB,1.95kB,0B,39.4MB,0B,10,docker_stats_20250310_181257.log,531613479.0,293001557.0,perf_stat_20250310_181256.log,1999,3964,53,1982,31.75,28.0,tegrastats_20250310_181257.log,docker_stats_20250310_181257.log
2025-03-10 18:13:00,b44356d46825,40.31,31.52MiB,512MiB,2.16kB,0B,51.8MB,0B,10,docker_stats_20250310_181257.log,426097832.0,268893544.0,perf_stat_20250310_181256.log,2005,3964,53,1982,19.0,28.5,tegrastats_20250310_181257.log,docker_stats_20250310_181257.log
2025-03-10 18:13:02,b44356d46825,40.6,35.87MiB,512MiB,2.36kB,0B,63.7MB,0B,10,docker_stats_20250310_181257.log,482597616.0,282156554.0,perf_stat_20250310_181256.log,1996,3964,53,1982,23.75,28.5,tegrastats_20250310_181257.log,docker_stats_20250310_181257.log
2025-03-10 18:13:05,b44356d46825,15.45,39MiB,512MiB,2.36kB,0B,70.6MB,0B,10,docker_stats_20250310_181257.log,426415983.0,244241489.0,perf_stat_20250310_181256.log,2013,3964,53,1982,25.25,28.5,tegrastats_20250310_181257.log,docker_stats_20250310_181257.log
2025-03-10 18:13:08,b44356d46825,39.98,43.2MiB,512MiB,4.07MB,18.9kB,70.7MB,0B,16,docker_stats_20250310_181257.log,295171849.0,193051572.0,perf_stat_20250310_181256.log,2016,3964,53,1982,19.0,28.5,tegrastats_20250310_181257.log,docker_stats_20250310_181257.log
2025-03-10 18:13:10,b44356d46825,40.16,52.98MiB,512MiB,5.04MB,23.7kB,74.6MB,0B,19,docker_stats_20250310_181257.log,478764446.0,285395932.0,perf_stat_20250310_181256.log,2025,3964,53,1982,15.0,28.5,tegrastats_20250310_181257.log,docker_stats_20250310_181257.log
2025-03-10 18:13:13,b44356d46825,40.08,59.98MiB,512MiB,5.67MB,47.5kB,78.5MB,0B,24,docker_stats_20250310_181257.log,344567891.0,218740487.0,perf_stat_20250310_181256.log,2028,3964,53,1982,19.25,28.5,tegrastats_20250310_181257.log,docker_stats_20250310_181257.log
2025-03-10 18:13:15,b44356d46825,40.52,60.44MiB,512MiB,7.77MB,58.5kB,78.5MB,0B,24,docker_stats_20250310_181257.log,393220449.0,190114332.0,perf_stat_20250310_181256.log,2032,3964,53,1982,26.75,29.0,tegrastats_20250310_181257.log,docker_stats_20250310_181257.log
2025-03-10 18:13:18,b44356d46825,41.17,62.18MiB,512MiB,7.77MB,58.5kB,78.5MB,0B,24,docker_stats_20250310_181257.log,409495585.0,211253915.0,perf_stat_20250310_181256.log,2031,3964,53,1982,22.25,28.5,tegrastats_20250310_181257.log,docker_stats_20250310_181257.log
2025-03-10 18:13:20,b44356d46825,40.95,62.74MiB,512MiB,7.77MB,58.5kB,78.5MB,0B,24,docker_stats_20250310_181257.log,358872983.0,189948132.0,perf_stat_20250310_181256.log,2021,3964,53,1982,21.25,28.5,tegrastats_20250310_181257.log,docker_stats_20250310_181257.log
2025-03-10 18:13:23,b44356d46825,42.55,66.15MiB,512MiB,7.77MB,58.5kB,78.5MB,0B,24,docker_stats_20250310_181257.log,439457516.0,238295594.0,perf_stat_20250310_181256.log,2034,3964,53,1982,27.0,28.5,tegrastats_20250310_181257.log,docker_stats_20250310_181257.log
2025-03-10 18:13:26,b44356d46825,40.55,67.36MiB,512MiB,7.77MB,58.5kB,78.5MB,0B,24,docker_stats_20250310_181257.log,536081583.0,294290466.0,perf_stat_20250310_181256.log,2039,3964,53,1982,37.75,28.5,tegrastats_20250310_181257.log,docker_stats_20250310_181257.log
2025-03-10 18:13:28,b44356d46825,39.85,71.46MiB,512MiB,7.77MB,58.5kB,78.5MB,0B,24,docker_stats_20250310_181257.log,429695112.0,298936932.0,perf_stat_20250310_181256.log,2043,3964,53,1982,25.0,29.0,tegrastats_20250310_181257.log,docker_stats_20250310_181257.log
2025-03-10 18:13:31,b44356d46825,40.4,68.83MiB,512MiB,7.77MB,66.9kB,78.5MB,0B,24,docker_stats_20250310_181257.log,538008560.0,293972573.0,perf_stat_20250310_181256.log,2046,3964,53,1982,34.5,30.0,tegrastats_20250310_181257.log,docker_stats_20250310_181257.log
2025-03-10 18:13:33,b44356d46825,0.0,0B,0B,0B,0B,0B,0B,0,docker_stats_20250310_181257.log,2931851.0,1010728.0,perf_stat_20250310_181256.log,1972,3964,53,1982,15.25,28.5,tegrastats_20250310_181257.log,docker_stats_20250310_181257.log
2025-03-10 18:13:35,b44356d46825,0.0,0B,0B,0B,0B,0B,0B,0,docker_stats_20250310_181257.log,2931851.0,1010728.0,perf_stat_20250310_181256.log,1960,3964,53,1982,9.5,28.5,tegrastats_20250310_181257.log,docker_stats_20250310_181257.log
2025-03-10 18:13:37,b44356d46825,0.0,0B,0B,0B,0B,0B,0B,0,docker_stats_20250310_181257.log,,,,1960,3964,53,1982,13.75,28.0,tegrastats_20250310_181257.log,docker_stats_20250310_181257.log
2025-03-10 18:13:38,b44356d46825,0.0,0B,0B,0B,0B,0B,0B,0,docker_stats_20250310_181257.log,,,,1961,3964,53,1982,13.5,28.5,tegrastats_20250310_181257.log,docker_stats_20250310_181257.log
2025-03-10 18:13:40,b44356d46825,0.0,0B,0B,0B,0B,0B,0B,0,docker_stats_20250310_181257.log,,,,1960,3964,53,1982,8.0,28.0,tegrastats_20250310_181257.log,docker_stats_20250310_181257.log
2025-03-10 18:13:41,b44356d46825,0.0,0B,0B,0B,0B,0B,0B,0,docker_stats_20250310_181257.log,,,,1960,3964,53,1982,10.25,28.0,tegrastats_20250310_181257.log,docker_stats_20250310_181257.log
2025-03-10 18:13:43,b44356d46825,0.0,0B,0B,0B,0B,0B,0B,0,docker_stats_20250310_181257.log,,,,1962,3964,53,1982,11.25,28.5,tegrastats_20250310_181257.log,docker_stats_20250310_181257.log
2025-03-10 18:13:45,b44356d46825,0.0,0B,0B,0B,0B,0B,0B,0,docker_stats_20250310_181257.log,,,,1972,3964,53,1982,9.0,28.0,tegrastats_20250310_181257.log,docker_stats_20250310_181257.log
2025-03-10 18:13:46,b44356d46825,0.0,0B,0B,0B,0B,0B,0B,0,docker_stats_20250310_181257.log,,,,1960,3964,53,1982,8.0,28.5,tegrastats_20250310_181257.log,docker_stats_20250310_181257.log
2025-03-10 18:13:48,b44356d46825,0.0,0B,0B,0B,0B,0B,0B,0,docker_stats_20250310_181257.log,,,,1972,3964,53,1982,10.5,28.5,tegrastats_20250310_181257.log,docker_stats_20250310_181257.log
2025-03-10 18:13:49,b44356d46825,0.0,0B,0B,0B,0B,0B,0B,0,docker_stats_20250310_181257.log,,,,1961,3964,53,1982,8.75,28.0,tegrastats_20250310_181257.log,docker_stats_20250310_181257.log
2025-03-10 18:13:51,b44356d46825,0.0,0B,0B,0B,0B,0B,0B,0,docker_stats_20250310_181257.log,,,,1967,3964,53,1982,8.75,28.0,tegrastats_20250310_181257.log,docker_stats_20250310_181257.log
2025-03-10 18:13:53,b44356d46825,0.0,0B,0B,0B,0B,0B,0B,0,docker_stats_20250310_181257.log,,,,1978,3964,53,1982,9.25,28.0,tegrastats_20250310_181257.log,docker_stats_20250310_181257.log
2025-03-10 18:13:54,b44356d46825,0.0,0B,0B,0B,0B,0B,0B,0,docker_stats_20250310_181257.log,,,,1962,3964,53,1982,8.0,28.0,tegrastats_20250310_181257.log,docker_stats_20250310_181257.log
2025-03-10 18:13:56,b44356d46825,0.0,0B,0B,0B,0B,0B,0B,0,docker_stats_20250310_181257.log,,,,1970,3964,53,1982,9.5,28.5,tegrastats_20250310_181257.log,docker_stats_20250310_181257.log
2025-03-10 18:13:57,b44356d46825,0.0,0B,0B,0B,0B,0B,0B,0,docker_stats_20250310_181257.log,,,,1954,3964,53,1982,13.25,28.0,tegrastats_20250310_181257.log,docker_stats_20250310_181257.log
2025-03-10 18:13:59,b44356d46825,0.0,0B,0B,0B,0B,0B,0B,0,docker_stats_20250310_181257.log,,,,1964,3964,53,1982,9.0,28.0,tegrastats_20250310_181257.log,docker_stats_20250310_181257.log
2025-03-10 18:14:01,b44356d46825,0.0,0B,0B,0B,0B,0B,0B,0,docker_stats_20250310_181257.log,,,,1954,3964,53,1982,14.0,28.0,tegrastats_20250310_181257.log,docker_stats_20250310_181257.log
2025-03-10 18:14:02,b44356d46825,0.0,0B,0B,0B,0B,0B,0B,0,docker_stats_20250310_181257.log,,,,1966,3964,53,1982,7.25,28.0,tegrastats_20250310_181257.log,docker_stats_20250310_181257.log
2025-03-10 18:14:04,b44356d46825,0.0,0B,0B,0B,0B,0B,0B,0,docker_stats_20250310_181257.log,,,,1958,3964,53,1982,9.0,28.0,tegrastats_20250310_181257.log,docker_stats_20250310_181257.log
2025-03-10 18:14:05,b44356d46825,0.0,0B,0B,0B,0B,0B,0B,0,docker_stats_20250310_181257.log,,,,1954,3964,53,1982,8.0,28.0,tegrastats_20250310_181257.log,docker_stats_20250310_181257.log
2025-03-10 18:14:07,b44356d46825,0.0,0B,0B,0B,0B,0B,0B,0,docker_stats_20250310_181257.log,,,,1963,3964,53,1982,14.75,28.5,tegrastats_20250310_181257.log,docker_stats_20250310_181257.log
2025-03-10 18:14:09,b44356d46825,0.0,0B,0B,0B,0B,0B,0B,0,docker_stats_20250310_181257.log,,,,1955,3964,53,1982,10.0,28.0,tegrastats_20250310_181257.log,docker_stats_20250310_181257.log
2025-03-10 18:14:10,b44356d46825,0.0,0B,0B,0B,0B,0B,0B,0,docker_stats_20250310_181257.log,,,,1966,3964,53,1982,7.25,28.0,tegrastats_20250310_181257.log,docker_stats_20250310_181257.log
2025-03-10 18:14:12,b44356d46825,0.0,0B,0B,0B,0B,0B,0B,0,docker_stats_20250310_181257.log,,,,1954,3964,53,1982,7.75,28.5,tegrastats_20250310_181257.log,docker_stats_20250310_181257.log
2025-03-10 18:14:13,b44356d46825,0.0,0B,0B,0B,0B,0B,0B,0,docker_stats_20250310_181257.log,,,,1956,3964,53,1982,11.25,28.5,tegrastats_20250310_181257.log,docker_stats_20250310_181257.log
2025-03-10 18:14:15,b44356d46825,0.0,0B,0B,0B,0B,0B,0B,0,docker_stats_20250310_181257.log,,,,1955,3964,53,1982,8.25,28.0,tegrastats_20250310_181257.log,docker_stats_20250310_181257.log
2025-03-10 18:14:17,b44356d46825,0.0,0B,0B,0B,0B,0B,0B,0,docker_stats_20250310_181257.log,,,,1969,3964,53,1982,8.75,28.5,tegrastats_20250310_181257.log,docker_stats_20250310_181257.log
2025-03-10 18:14:18,b44356d46825,0.0,0B,0B,0B,0B,0B,0B,0,docker_stats_20250310_181257.log,,,,1956,3964,53,1982,14.25,28.0,tegrastats_20250310_181257.log,docker_stats_20250310_181257.log
2025-03-10 17:51:39,00c51c076cec,39.09,22.5MiB,512MiB,1.95kB,0B,41.8MB,0B,10,docker_stats_20250310_175139.log,378903304.0,225549953.0,perf_stat_20250310_175139.log,1991,3964,53,1982,18.75,28.0,tegrastats_20250310_175139.log,docker_stats_20250310_175139.log
2025-03-10 17:51:41,00c51c076cec,41.76,29.2MiB,512MiB,2.36kB,0B,52.4MB,0B,10,docker_stats_20250310_175139.log,348883316.0,211813454.0,perf_stat_20250310_175139.log,1986,3964,53,1982,18.25,28.0,tegrastats_20250310_175139.log,docker_stats_20250310_175139.log
2025-03-10 17:51:44,00c51c076cec,40.44,34.27MiB,512MiB,2.36kB,0B,64.6MB,0B,10,docker_stats_20250310_175139.log,417735996.0,243622323.0,perf_stat_20250310_175139.log,1986,3964,53,1982,21.25,28.0,tegrastats_20250310_175139.log,docker_stats_20250310_175139.log
2025-03-10 17:51:46,00c51c076cec,19.75,36.89MiB,512MiB,2.36kB,0B,70.6MB,0B,10,docker_stats_20250310_175139.log,308541485.0,175918825.0,perf_stat_20250310_175139.log,1991,3964,53,1982,19.25,28.5,tegrastats_20250310_175139.log,docker_stats_20250310_175139.log
2025-03-10 17:51:49,00c51c076cec,37.66,41.38MiB,512MiB,4.08MB,21.6kB,70.7MB,0B,16,docker_stats_20250310_175139.log,96133463.0,50041904.0,perf_stat_20250310_175139.log,1990,3964,53,1982,11.5,27.5,tegrastats_20250310_175139.log,docker_stats_20250310_175139.log
2025-03-10 17:51:52,00c51c076cec,40.25,50.59MiB,512MiB,4.61MB,23.2kB,72.9MB,0B,16,docker_stats_20250310_175139.log,479714101.0,288194536.0,perf_stat_20250310_175139.log,2009,3964,53,1982,16.75,28.0,tegrastats_20250310_175139.log,docker_stats_20250310_175139.log
2025-03-10 17:51:54,00c51c076cec,40.37,57.45MiB,512MiB,5.4MB,44.2kB,78.4MB,0B,26,docker_stats_20250310_175139.log,452741699.0,239647821.0,perf_stat_20250310_175139.log,2002,3964,53,1982,25.75,28.5,tegrastats_20250310_175139.log,docker_stats_20250310_175139.log
2025-03-10 17:51:57,00c51c076cec,40.58,57.43MiB,512MiB,5.93MB,46.6kB,78.4MB,0B,26,docker_stats_20250310_175139.log,364866891.0,199362235.0,perf_stat_20250310_175139.log,2013,3964,53,1982,24.0,28.0,tegrastats_20250310_175139.log,docker_stats_20250310_175139.log
2025-03-10 17:51:59,00c51c076cec,40.8,61.47MiB,512MiB,5.93MB,46.6kB,78.4MB,0B,26,docker_stats_20250310_175139.log,364166866.0,181830088.0,perf_stat_20250310_175139.log,2004,3964,53,1982,22.0,28.0,tegrastats_20250310_175139.log,docker_stats_20250310_175139.log
2025-03-10 17:52:02,00c51c076cec,41.12,61.71MiB,512MiB,5.93MB,46.6kB,78.4MB,0B,26,docker_stats_20250310_175139.log,476442197.0,270483659.0,perf_stat_20250310_175139.log,2006,3964,53,1982,25.25,28.0,tegrastats_20250310_175139.log,docker_stats_20250310_175139.log
2025-03-10 17:52:05,00c51c076cec,39.73,65.98MiB,512MiB,5.93MB,46.6kB,78.4MB,0B,26,docker_stats_20250310_175139.log,444884332.0,355859864.0,perf_stat_20250310_175139.log,2023,3964,53,1982,24.75,28.0,tegrastats_20250310_175139.log,docker_stats_20250310_175139.log
2025-03-10 17:52:07,00c51c076cec,40.67,66.15MiB,512MiB,5.93MB,46.6kB,78.4MB,0B,26,docker_stats_20250310_175139.log,480182444.0,254492434.0,perf_stat_20250310_175139.log,2011,3964,53,1982,23.25,28.0,tegrastats_20250310_175139.log,docker_stats_20250310_175139.log
2025-03-10 17:52:10,00c51c076cec,0.0,0B,0B,0B,0B,0B,0B,0,docker_stats_20250310_175139.log,347279765.0,202517914.0,perf_stat_20250310_175139.log,1957,3964,53,1982,30.75,28.0,tegrastats_20250310_175139.log,docker_stats_20250310_175139.log
2025-03-10 17:52:11,00c51c076cec,0.0,0B,0B,0B,0B,0B,0B,0,docker_stats_20250310_175139.log,347279765.0,202517914.0,perf_stat_20250310_175139.log,1946,3964,53,1982,9.75,28.5,tegrastats_20250310_175139.log,docker_stats_20250310_175139.log
2025-03-10 17:52:13,00c51c076cec,0.0,0B,0B,0B,0B,0B,0B,0,docker_stats_20250310_175139.log,,,,1953,3964,53,1982,7.75,28.0,tegrastats_20250310_175139.log,docker_stats_20250310_175139.log
2025-03-10 17:52:15,00c51c076cec,0.0,0B,0B,0B,0B,0B,0B,0,docker_stats_20250310_175139.log,,,,1959,3964,53,1982,10.5,28.0,tegrastats_20250310_175139.log,docker_stats_20250310_175139.log
2025-03-10 17:52:16,00c51c076cec,0.0,0B,0B,0B,0B,0B,0B,0,docker_stats_20250310_175139.log,,,,1947,3964,53,1982,8.5,28.5,tegrastats_20250310_175139.log,docker_stats_20250310_175139.log
2025-03-10 17:52:18,00c51c076cec,0.0,0B,0B,0B,0B,0B,0B,0,docker_stats_20250310_175139.log,,,,1956,3964,53,1982,7.25,28.5,tegrastats_20250310_175139.log,docker_stats_20250310_175139.log
2025-03-10 17:52:19,00c51c076cec,0.0,0B,0B,0B,0B,0B,0B,0,docker_stats_20250310_175139.log,,,,1948,3964,53,1982,9.25,28.5,tegrastats_20250310_175139.log,docker_stats_20250310_175139.log
2025-03-10 17:52:21,00c51c076cec,0.0,0B,0B,0B,0B,0B,0B,0,docker_stats_20250310_175139.log,,,,1959,3964,53,1982,9.0,28.0,tegrastats_20250310_175139.log,docker_stats_20250310_175139.log
2025-03-10 17:52:23,00c51c076cec,0.0,0B,0B,0B,0B,0B,0B,0,docker_stats_20250310_175139.log,,,,1947,3964,53,1982,9.5,28.0,tegrastats_20250310_175139.log,docker_stats_20250310_175139.log
2025-03-10 17:52:24,00c51c076cec,0.0,0B,0B,0B,0B,0B,0B,0,docker_stats_20250310_175139.log,,,,1951,3964,53,1982,13.25,28.0,tegrastats_20250310_175139.log,docker_stats_20250310_175139.log
2025-03-10 17:52:26,00c51c076cec,0.0,0B,0B,0B,0B,0B,0B,0,docker_stats_20250310_175139.log,,,,1959,3964,53,1982,8.25,28.5,tegrastats_20250310_175139.log,docker_stats_20250310_175139.log
2025-03-10 17:52:27,00c51c076cec,0.0,0B,0B,0B,0B,0B,0B,0,docker_stats_20250310_175139.log,,,,1947,3964,53,1982,6.5,28.5,tegrastats_20250310_175139.log,docker_stats_20250310_175139.log
2025-03-10 17:52:29,00c51c076cec,0.0,0B,0B,0B,0B,0B,0B,0,docker_stats_20250310_175139.log,,,,1960,3964,53,1982,9.0,28.5,tegrastats_20250310_175139.log,docker_stats_20250310_175139.log
2025-03-10 17:52:31,00c51c076cec,0.0,0B,0B,0B,0B,0B,0B,0,docker_stats_20250310_175139.log,,,,1947,3964,53,1982,9.5,28.5,tegrastats_20250310_175139.log,docker_stats_20250310_175139.log
2025-03-10 17:52:32,00c51c076cec,0.0,0B,0B,0B,0B,0B,0B,0,docker_stats_20250310_175139.log,,,,1961,3964,53,1982,12.25,28.0,tegrastats_20250310_175139.log,docker_stats_20250310_175139.log
2025-03-10 17:52:34,00c51c076cec,0.0,0B,0B,0B,0B,0B,0B,0,docker_stats_20250310_175139.log,,,,1950,3964,53,1982,16.0,28.0,tegrastats_20250310_175139.log,docker_stats_20250310_175139.log
2025-03-10 17:52:35,00c51c076cec,0.0,0B,0B,0B,0B,0B,0B,0,docker_stats_20250310_175139.log,,,,1957,3964,53,1982,8.25,28.5,tegrastats_20250310_175139.log,docker_stats_20250310_175139.log
2025-03-10 17:52:37,00c51c076cec,0.0,0B,0B,0B,0B,0B,0B,0,docker_stats_20250310_175139.log,,,,1958,3964,53,1982,9.0,28.0,tegrastats_20250310_175139.log,docker_stats_20250310_175139.log
2025-03-10 17:52:39,00c51c076cec,0.0,0B,0B,0B,0B,0B,0B,0,docker_stats_20250310_175139.log,,,,1942,3964,53,1982,10.25,27.5,tegrastats_20250310_175139.log,docker_stats_20250310_175139.log
2025-03-10 17:52:40,00c51c076cec,0.0,0B,0B,0B,0B,0B,0B,0,docker_stats_20250310_175139.log,,,,1942,3964,53,1982,10.25,27.5,tegrastats_20250310_175139.log,docker_stats_20250310_175139.log
2025-03-10 17:47:12,86f8ce2b7f35,40.36,22.16MiB,512MiB,1.95kB,0B,39.7MB,0B,10,docker_stats_20250310_174712.log,495222641.0,273244869.0,perf_stat_20250310_174711.log,1987,3964,53,1982,18.5,27.5,tegrastats_20250310_174712.log,docker_stats_20250310_174712.log
2025-03-10 17:47:14,86f8ce2b7f35,40.65,28.88MiB,512MiB,2.36kB,0B,52.4MB,0B,10,docker_stats_20250310_174712.log,394363973.0,255906948.0,perf_stat_20250310_174711.log,1980,3964,53,1982,18.0,27.0,tegrastats_20250310_174712.log,docker_stats_20250310_174712.log
2025-03-10 17:47:17,86f8ce2b7f35,39.6,35.09MiB,512MiB,2.36kB,0B,64.6MB,0B,10,docker_stats_20250310_174712.log,410177064.0,240299880.0,perf_stat_20250310_174711.log,1977,3964,53,1982,15.5,27.5,tegrastats_20250310_174712.log,docker_stats_20250310_174712.log
2025-03-10 17:47:19,86f8ce2b7f35,8.7,37.61MiB,512MiB,3.1kB,941B,70.6MB,0B,10,docker_stats_20250310_174712.log,354060476.0,216629087.0,perf_stat_20250310_174711.log,1982,3964,53,1982,19.75,28.0,tegrastats_20250310_174712.log,docker_stats_20250310_174712.log
2025-03-10 17:47:22,86f8ce2b7f35,39.65,43.32MiB,512MiB,4.08MB,24.6kB,70.7MB,0B,16,docker_stats_20250310_174712.log,398908080.0,236144655.0,perf_stat_20250310_174711.log,1983,3964,53,1982,11.75,27.0,tegrastats_20250310_174712.log,docker_stats_20250310_174712.log
2025-03-10 17:47:25,86f8ce2b7f35,39.78,57.1MiB,512MiB,4.61MB,32.6kB,78.3MB,0B,26,docker_stats_20250310_174712.log,445728872.0,224825828.0,perf_stat_20250310_174711.log,2002,3964,53,1982,17.25,27.5,tegrastats_20250310_174712.log,docker_stats_20250310_174712.log
2025-03-10 17:47:27,86f8ce2b7f35,40.08,57.76MiB,512MiB,5.67MB,54.4kB,78.3MB,0B,26,docker_stats_20250310_174712.log,425233990.0,214413225.0,perf_stat_20250310_174711.log,1994,3964,53,1982,21.0,27.5,tegrastats_20250310_174712.log,docker_stats_20250310_174712.log
2025-03-10 17:47:30,86f8ce2b7f35,40.2,61.79MiB,512MiB,7.25MB,61.4kB,78.3MB,0B,26,docker_stats_20250310_174712.log,374271364.0,200256890.0,perf_stat_20250310_174711.log,2004,3964,53,1982,22.0,27.5,tegrastats_20250310_174712.log,docker_stats_20250310_174712.log
2025-03-10 17:47:32,86f8ce2b7f35,40.79,61.92MiB,512MiB,7.77MB,62.8kB,78.3MB,0B,26,docker_stats_20250310_174712.log,406992331.0,223204377.0,perf_stat_20250310_174711.log,2003,3964,53,1982,25.0,27.5,tegrastats_20250310_174712.log,docker_stats_20250310_174712.log
2025-03-10 17:47:35,86f8ce2b7f35,40.37,62.18MiB,512MiB,7.77MB,62.8kB,78.3MB,0B,26,docker_stats_20250310_174712.log,450456943.0,240654935.0,perf_stat_20250310_174711.log,2002,3964,53,1982,23.75,28.0,tegrastats_20250310_174712.log,docker_stats_20250310_174712.log
2025-03-10 17:47:38,86f8ce2b7f35,40.66,66.09MiB,512MiB,7.77MB,62.8kB,78.3MB,0B,26,docker_stats_20250310_174712.log,531514964.0,283596490.0,perf_stat_20250310_174711.log,2020,3964,53,1982,34.0,28.5,tegrastats_20250310_174712.log,docker_stats_20250310_174712.log
2025-03-10 17:47:40,86f8ce2b7f35,40.81,66.31MiB,512MiB,7.77MB,62.8kB,78.3MB,0B,26,docker_stats_20250310_174712.log,410272093.0,285660553.0,perf_stat_20250310_174711.log,2007,3964,53,1982,22.25,27.5,tegrastats_20250310_174712.log,docker_stats_20250310_174712.log
2025-03-10 17:47:43,86f8ce2b7f35,40.55,66.25MiB,512MiB,7.77MB,62.8kB,78.3MB,0B,26,docker_stats_20250310_174712.log,505549877.0,266747604.0,perf_stat_20250310_174711.log,2020,3964,53,1982,34.5,28.0,tegrastats_20250310_174712.log,docker_stats_20250310_174712.log
2025-03-10 17:47:45,86f8ce2b7f35,0.0,0B,0B,0B,0B,0B,0B,0,docker_stats_20250310_174712.log,61590784.0,33598480.0,perf_stat_20250310_174711.log,1942,3964,53,1982,28.25,28.0,tegrastats_20250310_174712.log,docker_stats_20250310_174712.log
2025-03-10 17:47:47,86f8ce2b7f35,0.0,0B,0B,0B,0B,0B,0B,0,docker_stats_20250310_174712.log,61590784.0,33598480.0,perf_stat_20250310_174711.log,1954,3964,53,1982,9.75,27.5,tegrastats_20250310_174712.log,docker_stats_20250310_174712.log
2025-03-10 17:47:48,86f8ce2b7f35,0.0,0B,0B,0B,0B,0B,0B,0,docker_stats_20250310_174712.log,,,,1943,3964,53,1982,10.25,27.5,tegrastats_20250310_174712.log,docker_stats_20250310_174712.log
2025-03-10 17:47:50,86f8ce2b7f35,0.0,0B,0B,0B,0B,0B,0B,0,docker_stats_20250310_174712.log,,,,1949,3964,53,1982,10.75,27.5,tegrastats_20250310_174712.log,docker_stats_20250310_174712.log
2025-03-10 17:47:52,86f8ce2b7f35,0.0,0B,0B,0B,0B,0B,0B,0,docker_stats_20250310_174712.log,,,,1957,3964,53,1982,10.0,27.5,tegrastats_20250310_174712.log,docker_stats_20250310_174712.log
2025-03-10 17:47:53,86f8ce2b7f35,0.0,0B,0B,0B,0B,0B,0B,0,docker_stats_20250310_174712.log,,,,1944,3964,53,1982,6.75,27.5,tegrastats_20250310_174712.log,docker_stats_20250310_174712.log
2025-03-10 17:47:55,86f8ce2b7f35,0.0,0B,0B,0B,0B,0B,0B,0,docker_stats_20250310_174712.log,,,,1959,3964,53,1982,11.75,28.0,tegrastats_20250310_174712.log,docker_stats_20250310_174712.log
2025-03-10 17:47:56,86f8ce2b7f35,0.0,0B,0B,0B,0B,0B,0B,0,docker_stats_20250310_174712.log,,,,1943,3964,53,1982,13.0,27.0,tegrastats_20250310_174712.log,docker_stats_20250310_174712.log
2025-03-10 17:47:58,86f8ce2b7f35,0.0,0B,0B,0B,0B,0B,0B,0,docker_stats_20250310_174712.log,,,,1953,3964,53,1982,10.5,27.0,tegrastats_20250310_174712.log,docker_stats_20250310_174712.log
2025-03-10 17:48:00,86f8ce2b7f35,0.0,0B,0B,0B,0B,0B,0B,0,docker_stats_20250310_174712.log,,,,1943,3964,53,1982,11.5,28.0,tegrastats_20250310_174712.log,docker_stats_20250310_174712.log
2025-03-10 17:48:01,86f8ce2b7f35,0.0,0B,0B,0B,0B,0B,0B,0,docker_stats_20250310_174712.log,,,,1955,3964,53,1982,9.75,27.5,tegrastats_20250310_174712.log,docker_stats_20250310_174712.log
2025-03-10 17:48:03,86f8ce2b7f35,0.0,0B,0B,0B,0B,0B,0B,0,docker_stats_20250310_174712.log,,,,1944,3964,53,1982,9.0,27.5,tegrastats_20250310_174712.log,docker_stats_20250310_174712.log
2025-03-10 17:48:04,86f8ce2b7f35,0.0,0B,0B,0B,0B,0B,0B,0,docker_stats_20250310_174712.log,,,,1950,3964,53,1982,9.25,27.0,tegrastats_20250310_174712.log,docker_stats_20250310_174712.log
2025-03-10 17:48:06,86f8ce2b7f35,0.0,0B,0B,0B,0B,0B,0B,0,docker_stats_20250310_174712.log,,,,1955,3964,53,1982,13.5,27.5,tegrastats_20250310_174712.log,docker_stats_20250310_174712.log
2025-03-10 17:48:08,86f8ce2b7f35,0.0,0B,0B,0B,0B,0B,0B,0,docker_stats_20250310_174712.log,,,,1945,3964,53,1982,10.25,27.0,tegrastats_20250310_174712.log,docker_stats_20250310_174712.log
2025-03-10 17:48:09,86f8ce2b7f35,0.0,0B,0B,0B,0B,0B,0B,0,docker_stats_20250310_174712.log,,,,1944,3964,53,1982,10.75,27.5,tegrastats_20250310_174712.log,docker_stats_20250310_174712.log
2025-03-10 17:48:11,86f8ce2b7f35,0.0,0B,0B,0B,0B,0B,0B,0,docker_stats_20250310_174712.log,,,,1943,3964,53,1982,9.0,27.0,tegrastats_20250310_174712.log,docker_stats_20250310_174712.log
2025-03-10 17:48:12,86f8ce2b7f35,0.0,0B,0B,0B,0B,0B,0B,0,docker_stats_20250310_174712.log,,,,1936,3964,53,1982,11.25,27.0,tegrastats_20250310_174712.log,docker_stats_20250310_174712.log
2025-03-10 17:48:14,86f8ce2b7f35,0.0,0B,0B,0B,0B,0B,0B,0,docker_stats_20250310_174712.log,,,,1937,3964,53,1982,8.0,27.0,tegrastats_20250310_174712.log,docker_stats_20250310_174712.log
2025-03-10 17:48:16,86f8ce2b7f35,0.0,0B,0B,0B,0B,0B,0B,0,docker_stats_20250310_174712.log,,,,1946,3964,53,1982,9.5,27.5,tegrastats_20250310_174712.log,docker_stats_20250310_174712.log
2025-03-10 17:48:17,86f8ce2b7f35,0.0,0B,0B,0B,0B,0B,0B,0,docker_stats_20250310_174712.log,,,,1937,3964,53,1982,13.75,27.5,tegrastats_20250310_174712.log,docker_stats_20250310_174712.log
2025-03-10 17:48:19,86f8ce2b7f35,0.0,0B,0B,0B,0B,0B,0B,0,docker_stats_20250310_174712.log,,,,1946,3964,53,1982,11.0,27.0,tegrastats_20250310_174712.log,docker_stats_20250310_174712.log
2025-03-10 17:48:20,86f8ce2b7f35,0.0,0B,0B,0B,0B,0B,0B,0,docker_stats_20250310_174712.log,,,,1936,3964,53,1982,7.75,27.0,tegrastats_20250310_174712.log,docker_stats_20250310_174712.log
2025-03-10 17:48:22,86f8ce2b7f35,0.0,0B,0B,0B,0B,0B,0B,0,docker_stats_20250310_174712.log,,,,1944,3964,53,1982,8.25,27.5,tegrastats_20250310_174712.log,docker_stats_20250310_174712.log
2025-03-10 17:48:24,86f8ce2b7f35,0.0,0B,0B,0B,0B,0B,0B,0,docker_stats_20250310_174712.log,,,,1946,3964,53,1982,8.75,27.5,tegrastats_20250310_174712.log,docker_stats_20250310_174712.log
2025-03-10 17:48:25,86f8ce2b7f35,0.0,0B,0B,0B,0B,0B,0B,0,docker_stats_20250310_174712.log,,,,1936,3964,53,1982,5.5,27.5,tegrastats_20250310_174712.log,docker_stats_20250310_174712.log
2025-03-10 17:48:27,86f8ce2b7f35,0.0,0B,0B,0B,0B,0B,0B,0,docker_stats_20250310_174712.log,,,,1947,3964,53,1982,15.0,27.5,tegrastats_20250310_174712.log,docker_stats_20250310_174712.log
2025-03-10 17:48:28,86f8ce2b7f35,0.0,0B,0B,0B,0B,0B,0B,0,docker_stats_20250310_174712.log,,,,1937,3964,53,1982,9.5,27.0,tegrastats_20250310_174712.log,docker_stats_20250310_174712.log
2025-03-10 17:48:30,86f8ce2b7f35,0.0,0B,0B,0B,0B,0B,0B,0,docker_stats_20250310_174712.log,,,,1948,3964,53,1982,7.5,27.5,tegrastats_20250310_174712.log,docker_stats_20250310_174712.log
2025-03-10 17:48:31,86f8ce2b7f35,0.0,0B,0B,0B,0B,0B,0B,0,docker_stats_20250310_174712.log,,,,1936,3964,53,1982,8.25,27.0,tegrastats_20250310_174712.log,docker_stats_20250310_174712.log
2025-03-10 17:48:33,86f8ce2b7f35,0.0,0B,0B,0B,0B,0B,0B,0,docker_stats_20250310_174712.log,,,,1947,3964,53,1982,8.75,27.5,tegrastats_20250310_174712.log,docker_stats_20250310_174712.log
2025-03-10 17:48:35,86f8ce2b7f35,0.0,0B,0B,0B,0B,0B,0B,0,docker_stats_20250310_174712.log,,,,1934,3964,53,1982,7.75,27.5,tegrastats_20250310_174712.log,docker_stats_20250310_174712.log
2025-03-10 17:48:36,86f8ce2b7f35,0.0,0B,0B,0B,0B,0B,0B,0,docker_stats_20250310_174712.log,,,,1943,3964,53,1982,7.0,28.0,tegrastats_20250310_174712.log,docker_stats_20250310_174712.log
2025-03-10 17:48:38,86f8ce2b7f35,0.0,0B,0B,0B,0B,0B,0B,0,docker_stats_20250310_174712.log,,,,1949,3964,53,1982,10.25,27.5,tegrastats_20250310_174712.log,docker_stats_20250310_174712.log
2025-03-10 17:48:39,86f8ce2b7f35,0.0,0B,0B,0B,0B,0B,0B,0,docker_stats_20250310_174712.log,,,,1935,3964,53,1982,7.5,27.5,tegrastats_20250310_174712.log,docker_stats_20250310_174712.log
2025-03-10 17:48:41,86f8ce2b7f35,0.0,0B,0B,0B,0B,0B,0B,0,docker_stats_20250310_174712.log,,,,1944,3964,53,1982,9.25,27.5,tegrastats_20250310_174712.log,docker_stats_20250310_174712.log
2025-03-10 17:48:43,86f8ce2b7f35,0.0,0B,0B,0B,0B,0B,0B,0,docker_stats_20250310_174712.log,,,,1936,3964,53,1982,8.25,27.0,tegrastats_20250310_174712.log,docker_stats_20250310_174712.log
2025-03-10 17:48:44,86f8ce2b7f35,0.0,0B,0B,0B,0B,0B,0B,0,docker_stats_20250310_174712.log,,,,1936,3964,53,1982,10.0,27.0,tegrastats_20250310_174712.log,docker_stats_20250310_174712.log
2025-03-10 17:48:46,86f8ce2b7f35,0.0,0B,0B,0B,0B,0B,0B,0,docker_stats_20250310_174712.log,,,,1935,3964,53,1982,8.5,27.5,tegrastats_20250310_174712.log,docker_stats_20250310_174712.log
2025-03-10 17:48:47,86f8ce2b7f35,0.0,0B,0B,0B,0B,0B,0B,0,docker_stats_20250310_174712.log,,,,1935,3964,53,1982,8.5,27.5,tegrastats_20250310_174712.log,docker_stats_20250310_174712.log
